,Home Win?,Home PF,Home PA,Home Wins to Date,Road Closing Spread,Predictions
0,1,0.0,0.0,0.0,5.0,1
1,1,0.0,0.0,0.0,3.0,1
2,0,0.0,0.0,0.0,-3.0,1
3,1,0.0,0.0,0.0,5.0,1
4,1,0.0,0.0,0.0,-2.0,1
5,1,0.0,0.0,0.0,3.0,1
6,1,0.0,0.0,0.0,7.0,1
7,1,0.0,0.0,0.0,6.0,1
8,1,0.0,0.0,0.0,7.0,1
9,0,0.0,0.0,0.0,-3.0,1
10,1,0.0,0.0,0.0,-1.0,1
11,0,0.0,0.0,0.0,-3.0,1
12,1,0.0,0.0,0.0,-3.0,1
13,1,0.0,0.0,0.0,-4.0,1
14,0,0.0,0.0,0.0,2.0,1
15,1,0.0,0.0,0.0,-4.0,1
16,1,13.0,7.0,1.0,-3.0,1
17,1,27.0,20.0,1.0,13.0,1
18,0,9.0,14.0,0.0,6.0,0
19,1,14.0,17.0,0.0,3.0,1
20,1,38.0,13.0,1.0,6.0,1
21,1,7.0,13.0,0.0,7.0,1
22,1,14.0,19.0,0.0,-7.0,0
23,1,9.0,15.0,0.0,7.0,0
24,1,18.0,31.0,0.0,4.0,1
25,0,17.0,24.0,0.0,3.0,0
26,1,13.0,38.0,0.0,3.0,1
27,0,9.0,10.0,0.0,-3.0,1
28,1,24.0,38.0,0.0,-3.0,1
29,1,14.0,21.0,0.0,7.0,1
30,0,24.0,34.0,0.0,4.0,0
31,1,6.0,31.0,0.0,-5.0,1
32,1,45.0,56.0,1.0,3.0,1
33,1,25.0,51.0,0.0,-3.0,1
34,0,37.0,21.0,2.0,-3.0,0
35,1,52.0,52.0,1.0,15.0,1
36,1,20.0,24.0,1.0,13.0,1
37,1,19.0,28.0,0.0,13.0,1
38,1,39.0,31.0,2.0,3.0,1
39,1,27.0,33.0,0.0,-5.0,1
40,1,64.0,51.0,2.0,3.0,1
41,0,37.0,28.0,2.0,-3.0,0
42,1,37.0,55.0,1.0,-3.0,1
43,0,48.0,38.0,1.0,-6.0,0
44,1,24.0,54.0,1.0,6.0,1
45,1,45.0,37.0,1.0,-4.0,1
46,0,29.0,20.0,2.0,2.0,0
47,1,46.0,34.0,2.0,-3.0,1
48,1,47.0,87.0,0.0,-6.0,1
49,1,45.0,57.0,0.0,-2.0,1
50,0,72.0,33.0,3.0,3.0,0
51,1,78.0,42.0,2.0,6.0,1
52,1,78.0,47.0,2.0,15.0,1
53,1,77.0,46.0,2.0,7.0,1
54,1,63.0,58.0,2.0,13.0,1
55,1,57.0,49.0,1.0,-3.0,1
56,1,40.0,83.0,1.0,-7.0,1
57,0,52.0,76.0,1.0,-3.0,1
58,1,83.0,62.0,2.0,5.0,1
59,0,72.0,61.0,1.0,10.0,0
60,1,55.0,85.0,1.0,4.0,1
61,1,52.0,51.0,2.0,0.0,1
62,1,61.0,125.0,0.0,3.0,1
63,1,61.0,55.0,3.0,8.0,1
64,0,117.0,92.0,2.0,7.0,0
65,1,73.0,79.0,2.0,-3.0,1
66,1,82.0,106.0,0.0,3.0,1
67,1,46.0,87.0,0.0,3.0,1
68,1,79.0,78.0,2.0,7.0,1
69,1,68.0,77.0,1.0,-3.0,1
70,1,108.0,102.0,3.0,3.0,0
71,0,58.0,118.0,2.0,-7.0,0
72,1,54.0,53.0,1.0,7.0,1
73,0,76.0,107.0,1.0,-7.0,0
74,1,52.0,103.0,0.0,3.0,1
75,1,106.0,61.0,3.0,4.0,1
76,1,119.0,89.0,3.0,3.0,1
77,1,83.0,96.0,2.0,-9.0,1
78,0,131.0,96.0,3.0,3.0,0
79,1,86.0,50.0,3.0,14.0,1
80,1,118.0,136.0,3.0,5.0,1
81,1,106.0,98.0,3.0,10.0,1
82,1,122.0,103.0,3.0,2.0,1
83,1,92.0,74.0,4.0,6.0,1
84,1,74.0,80.0,3.0,-6.0,1
85,0,104.0,116.0,2.0,-3.0,0
86,1,76.0,130.0,0.0,7.0,1
87,0,63.0,67.0,1.0,2.0,0
88,1,89.0,92.0,3.0,-3.0,1
89,1,107.0,137.0,3.0,-3.0,1
90,1,130.0,101.0,4.0,3.0,1
91,1,89.0,112.0,3.0,-3.0,1
92,0,112.0,95.0,4.0,13.0,0
93,1,108.0,92.0,3.0,9.0,1
94,1,130.0,108.0,4.0,13.0,1
95,1,112.0,97.0,4.0,3.0,1
96,1,52.0,110.0,0.0,-2.0,1
97,1,80.0,111.0,3.0,3.0,1
98,1,162.0,98.0,4.0,3.0,1
99,0,98.0,97.0,3.0,7.0,0
100,1,157.0,126.0,2.0,3.0,1
101,0,124.0,140.0,2.0,7.0,0
102,1,139.0,112.0,3.0,3.0,1
103,1,102.0,111.0,1.0,4.0,1
104,1,113.0,162.0,1.0,2.0,1
105,1,137.0,152.0,1.0,7.0,1
106,0,132.0,141.0,2.0,-1.0,0
107,1,150.0,112.0,4.0,7.0,1
108,1,146.0,140.0,1.0,3.0,1
109,1,120.0,131.0,3.0,3.0,1
110,1,159.0,101.0,5.0,7.0,1
111,1,177.0,149.0,2.0,6.0,1
112,1,177.0,136.0,5.0,5.0,1
113,0,98.0,160.0,3.0,3.0,1
114,1,179.0,165.0,3.0,2.0,1
115,0,147.0,138.0,4.0,1.0,0
116,1,163.0,125.0,4.0,5.0,1
117,1,183.0,165.0,2.0,-6.0,1
118,1,149.0,129.0,5.0,5.0,1
119,0,118.0,142.0,2.0,-4.0,0
120,1,170.0,197.0,4.0,-3.0,1
121,1,131.0,211.0,0.0,-3.0,1
122,1,129.0,144.0,2.0,7.0,1
123,1,169.0,133.0,5.0,10.0,1
124,1,85.0,150.0,1.0,-6.0,1
125,1,123.0,140.0,4.0,-7.0,1
126,0,172.0,157.0,4.0,3.0,0
127,1,212.0,168.0,4.0,0.0,1
128,0,176.0,136.0,5.0,8.0,0
129,1,146.0,163.0,2.0,-5.0,1
130,1,196.0,154.0,6.0,2.0,1
131,1,143.0,175.0,4.0,2.0,1
132,0,152.0,156.0,3.0,-3.0,1
133,1,217.0,168.0,5.0,7.0,1
134,1,165.0,226.0,4.0,0.0,1
135,1,148.0,133.0,5.0,0.0,1
136,1,157.0,190.0,5.0,7.0,1
137,1,150.0,233.0,0.0,2.0,1
138,1,154.0,223.0,2.0,0.0,1
139,0,216.0,160.0,6.0,13.0,0
140,1,157.0,225.0,3.0,3.0,1
141,0,137.0,178.0,2.0,5.0,0
142,1,174.0,123.0,6.0,4.0,1
143,1,155.0,170.0,4.0,-3.0,1
144,1,172.0,192.0,5.0,3.0,1
145,1,104.0,215.0,1.0,-13.0,1
146,0,208.0,150.0,7.0,7.0,0
147,1,184.0,213.0,2.0,4.0,1
148,1,200.0,162.0,6.0,7.0,1
149,1,196.0,250.0,5.0,3.0,1
150,1,194.0,252.0,2.0,6.0,1
151,1,169.0,195.0,3.0,-3.0,1
152,1,201.0,151.0,6.0,11.0,1
153,0,241.0,179.0,5.0,7.0,0
154,1,212.0,194.0,5.0,7.0,1
155,0,160.0,164.0,4.0,-3.0,0
156,1,160.0,198.0,3.0,4.0,1
157,1,258.0,214.0,7.0,4.0,1
158,0,257.0,209.0,6.0,3.0,0
159,1,239.0,197.0,4.0,9.0,1
160,1,234.0,237.0,2.0,-6.0,1
161,1,229.0,271.0,3.0,-5.0,1
162,0,238.0,177.0,8.0,10.0,1
163,1,253.0,220.0,6.0,8.0,1
164,1,213.0,276.0,2.0,-7.0,1
165,1,244.0,287.0,4.0,5.0,1
166,1,202.0,245.0,5.0,-3.0,1
167,1,191.0,146.0,7.0,-3.0,1
168,1,256.0,192.0,8.0,3.0,1
169,0,233.0,178.0,7.0,8.0,0
170,1,192.0,206.0,3.0,8.0,1
171,0,185.0,233.0,5.0,-2.0,0
172,1,238.0,223.0,5.0,3.0,1
173,1,217.0,287.0,3.0,3.0,1
174,0,268.0,216.0,6.0,2.0,0
175,1,188.0,292.0,3.0,-2.0,1
176,1,310.0,257.0,7.0,8.0,1
177,1,189.0,239.0,4.0,6.0,1
178,0,205.0,225.0,6.0,6.0,0
179,1,257.0,218.0,5.0,3.0,1
180,1,285.0,231.0,7.0,8.0,1
181,1,277.0,240.0,7.0,8.0,1
182,1,258.0,282.0,2.0,-5.0,1
183,1,269.0,166.0,7.0,9.0,1
184,1,219.0,223.0,7.0,-3.0,1
185,0,225.0,288.0,2.0,-7.0,0
186,1,310.0,225.0,6.0,13.0,1
187,0,282.0,252.0,6.0,6.0,0
188,1,194.0,319.0,3.0,-3.0,1
189,1,209.0,275.0,5.0,5.0,1
190,0,250.0,188.0,8.0,3.0,0
191,1,334.0,266.0,9.0,4.0,1
192,1,263.0,235.0,5.0,-3.0,1
193,1,246.0,192.0,9.0,-3.0,1
194,0,243.0,333.0,2.0,1.0,1
195,1,267.0,191.0,9.0,8.0,1
196,1,257.0,300.0,7.0,3.0,1
197,1,222.0,293.0,5.0,-1.0,1
198,1,278.0,306.0,2.0,-7.0,1
199,1,154.0,307.0,1.0,-7.0,1
200,1,299.0,227.0,9.0,9.0,1
201,0,203.0,259.0,4.0,5.0,0
202,1,267.0,232.0,9.0,5.0,1
203,0,200.0,338.0,3.0,-4.0,0
204,1,323.0,253.0,6.0,10.0,1
205,1,294.0,336.0,4.0,-4.0,1
206,0,288.0,321.0,5.0,-3.0,0
207,1,227.0,253.0,5.0,-5.0,1
208,1,354.0,253.0,7.0,10.0,1
209,1,245.0,268.0,6.0,3.0,1
210,0,225.0,244.0,7.0,6.0,0
211,1,262.0,345.0,2.0,0.0,1
212,1,347.0,318.0,7.0,4.0,1
213,1,291.0,265.0,5.0,2.0,1
214,1,321.0,366.0,4.0,10.0,1
215,1,329.0,250.0,9.0,3.0,1
216,1,164.0,338.0,1.0,3.0,1
217,0,260.0,267.0,8.0,4.0,0
218,1,294.0,229.0,9.0,2.0,1
219,0,261.0,329.0,6.0,-6.0,0
220,1,290.0,198.0,10.0,3.0,1
221,1,314.0,307.0,6.0,7.0,1
222,0,415.0,276.0,11.0,14.0,0
223,1,230.0,274.0,5.0,-6.0,1
224,1,307.0,220.0,10.0,14.0,1
225,1,255.0,370.0,4.0,-7.0,1
226,0,293.0,242.0,10.0,3.0,0
227,1,273.0,353.0,4.0,-7.0,1
228,1,252.0,271.0,5.0,-3.0,1
229,1,322.0,281.0,9.0,4.0,1
230,1,280.0,290.0,8.0,6.0,1
231,1,258.0,295.0,6.0,3.0,1
232,1,239.0,261.0,7.0,4.0,1
233,0,319.0,365.0,8.0,7.0,0
234,1,292.0,415.0,3.0,-2.0,1
235,0,353.0,330.0,7.0,-3.0,0
236,1,333.0,220.0,8.0,3.0,1
237,1,281.0,362.0,3.0,-8.0,1
238,0,369.0,261.0,12.0,2.0,0
239,1,412.0,339.0,10.0,15.0,1
240,1,480.0,306.0,13.0,4.0,1
241,1,329.0,297.0,10.0,0.0,1
242,0,344.0,263.0,11.0,10.0,0
243,1,262.0,291.0,5.0,-6.0,1
244,1,356.0,410.0,5.0,4.0,1
245,1,412.0,368.0,9.0,9.0,1
246,1,356.0,295.0,10.0,5.0,1
247,1,426.0,363.0,10.0,-2.0,1
248,1,288.0,360.0,6.0,-4.0,1
249,0,342.0,356.0,5.0,4.0,0
250,1,378.0,237.0,9.0,12.0,1
251,0,383.0,278.0,12.0,14.0,0
252,1,371.0,284.0,11.0,7.0,1
253,1,316.0,438.0,4.0,-6.0,1
254,0,267.0,339.0,5.0,6.0,0
255,1,294.0,401.0,6.0,-3.0,1
256,1,0.0,0.0,0.0,5.0,1
257,1,0.0,0.0,0.0,1.0,1
258,0,0.0,0.0,0.0,7.0,1
259,1,0.0,0.0,0.0,9.0,1
260,1,0.0,0.0,0.0,-1.0,1
261,1,0.0,0.0,0.0,4.0,1
262,1,0.0,0.0,0.0,-2.0,1
263,1,0.0,0.0,0.0,1.0,1
264,1,0.0,0.0,0.0,-4.0,1
265,0,0.0,0.0,0.0,-1.0,1
266,1,0.0,0.0,0.0,7.0,1
267,0,0.0,0.0,0.0,6.0,1
268,1,0.0,0.0,0.0,9.0,1
269,1,0.0,0.0,0.0,6.0,1
270,0,0.0,0.0,0.0,-7.0,0
271,1,0.0,0.0,0.0,3.0,1
272,1,27.0,20.0,1.0,8.0,1
273,1,41.0,7.0,1.0,4.0,1
274,0,14.0,16.0,0.0,-6.0,0
275,1,27.0,24.0,1.0,9.0,1
276,1,7.0,34.0,0.0,-2.0,1
277,1,28.0,14.0,1.0,5.0,1
278,1,17.0,24.0,0.0,0.0,1
279,1,21.0,28.0,0.0,-11.0,1
280,1,34.0,42.0,0.0,5.0,1
281,0,7.0,35.0,0.0,14.0,0
282,1,33.0,17.0,1.0,-3.0,1
283,0,38.0,24.0,1.0,6.0,0
284,1,20.0,23.0,0.0,3.0,1
285,1,24.0,38.0,0.0,-3.0,1
286,0,12.0,30.0,0.0,-3.0,0
287,1,14.0,28.0,0.0,7.0,1
288,1,44.0,58.0,0.0,3.0,1
289,1,64.0,55.0,1.0,3.0,1
290,0,79.0,42.0,2.0,-7.0,0
291,1,44.0,46.0,1.0,-2.0,1
292,1,40.0,29.0,1.0,7.0,1
293,1,62.0,48.0,1.0,8.0,1
294,1,37.0,48.0,0.0,-3.0,1
295,1,49.0,41.0,1.0,2.0,1
296,1,58.0,58.0,1.0,-3.0,1
297,0,45.0,52.0,1.0,14.0,0
298,1,29.0,59.0,0.0,-5.0,1
299,0,43.0,42.0,1.0,-4.0,0
300,1,17.0,57.0,0.0,-3.0,1
301,1,44.0,47.0,1.0,1.0,1
302,0,26.0,61.0,0.0,-10.5,1
303,1,51.0,51.0,1.0,3.5,1
304,1,57.0,54.0,1.0,-3.0,1
305,1,61.0,62.0,2.0,2.0,1
306,0,90.0,60.0,2.0,4.0,0
307,1,69.0,67.0,2.0,3.0,1
308,1,78.0,77.0,1.0,10.0,1
309,1,60.0,69.0,1.0,7.0,1
310,1,36.0,96.0,0.0,-3.0,1
311,1,29.0,62.0,1.0,-8.0,1
312,1,27.0,109.0,0.0,-3.0,1
313,0,59.0,56.0,1.0,-2.0,0
314,1,30.0,67.0,1.0,-6.0,1
315,0,99.0,74.0,3.0,12.0,0
316,1,92.0,82.0,2.0,-7.0,1
317,1,65.0,69.0,2.0,7.0,1
318,0,85.0,40.0,2.0,6.0,0
319,1,60.0,60.0,2.0,10.0,1
320,1,64.0,72.0,2.0,3.0,1
321,1,107.0,70.0,3.0,4.5,1
322,0,63.0,108.0,0.0,1.0,0
323,1,39.0,85.0,1.0,-1.0,1
324,1,102.0,87.0,3.0,9.5,1
325,1,77.0,96.0,0.0,3.5,1
326,1,89.0,102.0,1.0,-6.5,1
327,1,133.0,96.0,3.0,-2.5,1
328,1,94.0,75.0,3.0,2.5,1
329,0,135.0,98.0,3.0,7.5,0
330,1,81.0,111.0,1.0,-3.5,1
331,0,90.0,105.0,2.0,-5.5,0
332,1,135.0,76.0,4.0,6.5,1
333,1,127.0,123.0,3.0,3.0,1
334,1,110.0,94.0,3.0,5.0,1
335,0,102.0,89.0,3.0,12.5,0
336,1,83.0,63.0,3.0,-3.0,1
337,1,159.0,89.0,5.0,4.5,1
338,1,173.0,111.0,5.0,14.0,1
339,1,104.0,130.0,2.0,3.5,1
340,1,136.0,133.0,3.0,6.5,1
341,1,119.0,57.0,3.0,7.0,1
342,0,87.0,125.0,3.0,-6.0,0
343,1,165.0,119.0,4.0,6.5,1
344,0,107.0,122.0,2.0,1.0,0
345,1,121.0,125.0,2.0,7.0,1
346,1,75.0,128.0,0.0,-1.0,1
347,1,145.0,131.0,3.0,-1.0,1
348,0,105.0,94.0,3.0,3.0,0
349,1,178.0,114.0,5.0,4.5,1
350,1,133.0,163.0,1.0,1.5,1
351,1,113.0,145.0,4.0,-1.5,1
352,1,91.0,117.0,2.0,3.0,1
353,1,96.0,121.0,1.0,-4.0,1
354,1,160.0,150.0,4.0,3.5,1
355,0,121.0,145.0,1.0,-10.0,0
356,1,115.0,121.0,2.0,14.0,1
357,0,177.0,151.0,4.0,13.5,0
358,1,72.0,132.0,1.0,-10.0,1
359,1,154.0,147.0,4.0,9.5,1
360,1,182.0,131.0,4.0,9.5,1
361,0,112.0,135.0,3.0,9.0,1
362,1,166.0,183.0,2.0,3.5,1
363,1,56.0,171.0,0.0,-13.5,1
364,1,155.0,83.0,4.0,12.5,1
365,1,123.0,155.0,2.0,-3.0,1
366,1,188.0,147.0,4.0,4.5,1
367,1,151.0,122.0,5.0,-2.5,1
368,0,167.0,97.0,5.0,9.0,0
369,1,97.0,128.0,2.0,-1.0,1
370,0,145.0,145.0,2.0,3.0,0
371,1,105.0,150.0,3.0,-3.0,1
372,1,211.0,147.0,5.0,2.5,1
373,1,206.0,145.0,5.0,10.5,1
374,0,128.0,170.0,4.0,4.0,0
375,1,156.0,162.0,3.0,11.0,1
376,1,116.0,139.0,3.0,-4.0,1
377,1,260.0,189.0,5.0,9.0,1
378,1,121.0,252.0,0.0,-6.5,1
379,1,160.0,178.0,4.0,7.0,1
380,1,139.0,145.0,4.0,1.5,1
381,0,202.0,160.0,5.0,9.0,0
382,1,161.0,159.0,4.0,-5.5,1
383,0,143.0,183.0,1.0,2.5,0
384,1,176.0,139.0,6.0,3.0,1
385,1,179.0,152.0,3.0,9.0,1
386,1,199.0,204.0,4.0,7.0,1
387,1,179.0,175.0,4.0,4.5,1
388,0,187.0,207.0,2.0,3.5,0
389,1,147.0,196.0,4.0,-3.5,1
390,1,195.0,140.0,6.0,-3.5,1
391,1,128.0,283.0,0.0,-3.0,1
392,1,131.0,201.0,4.0,3.0,1
393,1,203.0,182.0,3.0,13.5,1
394,1,200.0,174.0,5.0,2.5,1
395,0,189.0,170.0,5.0,1.0,0
396,1,138.0,169.0,1.0,4.0,1
397,0,119.0,170.0,3.0,2.5,0
398,1,122.0,185.0,2.0,-7.0,1
399,1,206.0,118.0,7.0,4.0,1
400,0,199.0,163.0,5.0,2.5,0
401,1,275.0,179.0,8.0,12.5,1
402,1,188.0,234.0,4.0,-6.0,1
403,1,179.0,244.0,2.0,1.0,1
404,0,212.0,196.0,5.0,6.0,0
405,1,158.0,178.0,2.0,3.0,1
406,1,131.0,183.0,3.0,1.0,1
407,1,225.0,152.0,6.0,7.0,1
408,1,136.0,178.0,3.0,-7.0,1
409,1,252.0,184.0,6.0,7.0,1
410,1,320.0,186.0,9.0,13.5,1
411,0,233.0,138.0,8.0,10.0,1
412,1,113.0,223.0,2.0,3.0,1
413,0,237.0,187.0,6.0,4.5,0
414,1,218.0,211.0,6.0,6.0,0
415,1,259.0,200.0,6.0,17.0,1
416,1,301.0,219.0,7.0,-5.0,1
417,1,250.0,206.0,6.0,7.0,1
418,0,256.0,176.0,7.0,3.5,1
419,1,228.0,217.0,5.0,9.0,1
420,1,236.0,195.0,6.0,7.0,1
421,1,125.0,180.0,3.0,-7.0,1
422,1,235.0,213.0,6.0,10.0,1
423,1,120.0,247.0,2.0,3.0,1
424,1,131.0,300.0,0.0,-4.0,1
425,0,203.0,195.0,5.0,3.0,0
426,1,168.0,209.0,4.0,3.0,1
427,0,235.0,254.0,6.0,3.0,0
428,1,237.0,213.0,4.0,-3.0,1
429,1,236.0,259.0,4.0,4.5,1
430,0,144.0,252.0,4.0,-10.5,0
431,1,313.0,228.0,7.0,7.0,1
432,1,185.0,232.0,4.0,-3.0,1
433,1,183.0,222.0,4.0,-3.0,1
434,0,288.0,232.0,7.0,9.0,0
435,1,261.0,281.0,5.0,1.0,1
436,1,212.0,206.0,3.0,3.5,1
437,1,165.0,216.0,4.0,-7.0,1
438,1,233.0,188.0,8.0,7.0,1
439,1,362.0,252.0,8.0,9.0,1
440,1,199.0,291.0,4.0,-1.0,1
441,0,293.0,179.0,8.0,-1.0,0
442,1,214.0,295.0,2.0,1.0,1
443,0,252.0,277.0,6.0,-7.0,1
444,1,213.0,256.0,4.0,-4.0,1
445,1,262.0,161.0,9.0,14.0,1
446,0,331.0,223.0,8.0,20.5,1
447,1,138.0,200.0,3.0,-3.0,1
448,1,268.0,195.0,9.0,14.0,1
449,1,202.0,256.0,4.0,-7.5,1
450,0,420.0,262.0,12.0,11.5,0
451,1,290.0,260.0,7.0,10.5,1
452,1,266.0,250.0,7.0,2.5,0
453,1,296.0,192.0,9.0,16.5,1
454,1,333.0,277.0,7.0,10.0,1
455,1,290.0,324.0,4.0,-3.0,1
456,1,246.0,220.0,4.0,3.0,1
457,0,152.0,238.0,3.0,-3.0,1
458,1,249.0,229.0,7.0,-3.5,1
459,0,232.0,269.0,5.0,-3.5,0
460,1,256.0,292.0,7.0,3.5,1
461,1,287.0,289.0,5.0,7.0,1
462,0,283.0,244.0,7.0,4.5,0
463,1,216.0,246.0,5.0,9.0,1
464,1,300.0,267.0,8.0,13.5,1
465,1,232.0,370.0,4.0,-7.0,1
466,0,153.0,326.0,2.0,-7.0,0
467,1,288.0,341.0,5.0,-1.0,1
468,1,184.0,382.0,0.0,-6.5,1
469,1,324.0,349.0,7.0,5.5,1
470,1,301.0,255.0,7.0,3.5,1
471,1,274.0,364.0,2.0,-7.0,1
472,1,330.0,208.0,10.0,4.5,1
473,0,173.0,305.0,5.0,-11.0,0
474,1,290.0,354.0,7.0,-1.0,1
475,0,297.0,292.0,5.0,3.0,0
476,1,253.0,288.0,6.0,6.0,1
477,1,269.0,302.0,8.0,-7.0,1
478,0,324.0,299.0,6.0,-1.0,1
479,1,307.0,182.0,10.0,3.0,1
480,1,211.0,395.0,1.0,-7.0,1
481,1,311.0,371.0,5.0,-3.0,1
482,0,437.0,297.0,11.0,7.5,1
483,1,334.0,236.0,10.0,10.5,1
484,1,279.0,278.0,7.0,8.5,1
485,1,192.0,319.0,6.0,3.0,1
486,1,346.0,315.0,8.0,1.5,1
487,1,252.0,300.0,5.0,6.0,1
488,1,341.0,368.0,5.0,9.0,1
489,0,305.0,283.0,8.0,3.5,1
490,1,285.0,218.0,10.0,10.0,1
491,0,395.0,332.0,9.0,-1.0,0
492,1,348.0,296.0,8.0,-1.5,1
493,1,284.0,273.0,7.0,-1.5,1
494,0,480.0,297.0,13.0,13.0,0
495,1,457.0,306.0,11.0,7.0,1
496,1,310.0,296.0,5.0,1.5,1
497,1,464.0,321.0,12.0,10.0,1
498,0,328.0,299.0,9.0,-2.5,0
499,1,209.0,294.0,4.0,-7.0,1
500,1,359.0,255.0,10.0,-1.0,1
501,1,224.0,316.0,4.0,3.0,1
502,1,363.0,386.0,8.0,3.0,1
503,1,362.0,318.0,7.0,7.0,1
504,1,515.0,318.0,14.0,-6.5,1
505,0,327.0,432.0,3.0,1.5,0
506,1,357.0,326.0,9.0,9.5,1
507,0,502.0,322.0,12.0,7.0,0
508,1,166.0,373.0,2.0,-12.5,1
509,1,306.0,383.0,8.0,1.0,1
510,0,333.0,395.0,8.0,2.5,0
511,1,289.0,328.0,7.0,2.5,1
512,1,0.0,0.0,0.0,3.5,1
513,1,0.0,0.0,0.0,10.0,1
514,0,0.0,0.0,0.0,3.5,1
515,1,0.0,0.0,0.0,3.0,1
516,1,0.0,0.0,0.0,13.0,1
517,1,0.0,0.0,0.0,-5.0,1
518,1,0.0,0.0,0.0,9.0,1
519,1,0.0,0.0,0.0,8.5,1
520,1,0.0,0.0,0.0,-8.5,1
521,0,0.0,0.0,0.0,-2.5,0
522,1,0.0,0.0,0.0,6.0,1
523,0,0.0,0.0,0.0,-2.5,0
524,1,0.0,0.0,0.0,-3.0,1
525,1,0.0,0.0,0.0,2.5,1
526,0,0.0,0.0,0.0,7.0,1
527,1,0.0,0.0,0.0,1.0,1
528,1,22.0,30.0,0.0,5.0,1
529,1,17.0,24.0,0.0,9.0,1
530,0,10.0,16.0,0.0,-3.0,1
531,1,34.0,13.0,1.0,13.0,1
532,1,21.0,41.0,0.0,-3.0,1
533,1,17.0,16.0,1.0,3.0,1
534,1,28.0,48.0,0.0,3.0,1
535,1,13.0,44.0,0.0,7.0,1
536,1,23.0,26.0,0.0,-6.5,1
537,0,16.0,20.0,0.0,-3.0,0
538,1,23.0,27.0,0.0,-3.5,1
539,0,19.0,31.0,0.0,4.5,0
540,1,22.0,14.0,1.0,6.5,1
541,1,10.0,30.0,0.0,-1.0,1
542,0,30.0,22.0,1.0,7.0,0
543,1,40.0,24.0,1.0,3.0,0
544,1,45.0,43.0,1.0,2.5,1
545,1,31.0,44.0,1.0,7.0,1
546,0,51.0,44.0,1.0,7.0,0
547,1,46.0,46.0,1.0,-6.5,0
548,1,23.0,72.0,0.0,-3.5,1
549,1,68.0,63.0,1.0,3.0,1
550,1,59.0,75.0,0.0,9.0,1
551,1,45.0,43.0,1.0,-2.5,1
552,1,43.0,51.0,0.0,-2.5,1
553,0,44.0,61.0,1.0,3.0,0
554,1,40.0,34.0,2.0,-3.0,1
555,0,60.0,24.0,2.0,3.0,0
556,1,52.0,46.0,1.0,-1.0,1
557,1,27.0,57.0,0.0,-3.5,1
558,0,67.0,37.0,1.0,2.5,0
559,1,43.0,27.0,1.0,-3.0,1
560,1,98.0,67.0,2.0,11.5,1
561,1,87.0,79.0,2.0,-3.5,1
562,0,88.0,42.0,3.0,13.0,1
563,1,68.0,99.0,1.0,-2.5,1
564,1,87.0,94.0,1.0,3.5,1
565,1,94.0,48.0,3.0,7.0,1
566,1,60.0,78.0,1.0,-2.0,1
567,1,81.0,75.0,2.0,-3.5,1
568,1,67.0,40.0,3.0,4.0,0
569,0,77.0,77.0,1.0,6.5,1
570,1,52.0,70.0,1.0,1.0,1
571,0,57.0,54.0,1.0,7.5,0
572,1,60.0,67.0,1.0,1.5,1
573,1,47.0,66.0,2.0,1.5,1
574,0,47.0,54.0,2.0,3.0,0
575,1,79.0,91.0,2.0,-1.0,1
576,1,123.0,123.0,2.0,-3.0,1
577,0,77.0,75.0,1.0,4.0,0
578,1,61.0,83.0,1.0,-6.5,1
579,1,111.0,84.0,2.0,7.5,1
580,1,90.0,72.0,3.0,6.0,1
581,1,112.0,112.0,3.0,3.0,1
582,1,88.0,136.0,1.0,-6.0,1
583,1,80.0,109.0,1.0,1.0,1
584,0,62.0,97.0,1.0,-6.0,0
585,1,134.0,92.0,2.0,6.0,1
586,0,104.0,65.0,3.0,10.0,0
587,1,110.0,130.0,0.0,3.5,1
588,1,81.0,109.0,2.0,-9.5,1
589,1,88.0,181.0,1.0,-5.5,1
590,1,148.0,93.0,5.0,10.0,1
591,0,82.0,91.0,1.0,5.0,0
592,1,98.0,132.0,2.0,3.5,1
593,1,100.0,139.0,0.0,-1.0,1
594,1,80.0,99.0,3.0,3.5,1
595,1,103.0,103.0,2.0,5.5,1
596,1,130.0,89.0,4.0,3.0,1
597,1,94.0,78.0,4.0,5.0,1
598,0,86.0,70.0,3.0,-3.5,0
599,1,149.0,68.0,4.0,7.0,1
600,0,140.0,147.0,2.0,-1.5,0
601,1,149.0,73.0,5.0,4.0,1
602,1,124.0,102.0,3.0,1.0,1
603,1,152.0,94.0,4.0,7.5,1
604,1,178.0,114.0,4.0,6.5,1
605,0,146.0,117.0,4.0,7.0,0
606,1,92.0,125.0,1.0,-2.5,1
607,1,120.0,101.0,2.0,-1.0,1
608,1,110.0,111.0,3.0,-4.0,1
609,1,173.0,115.0,5.0,6.5,1
610,1,100.0,145.0,2.0,1.0,1
611,1,137.0,192.0,3.0,4.0,1
612,0,188.0,137.0,3.0,11.0,0
613,1,87.0,148.0,1.0,6.0,1
614,0,149.0,163.0,3.0,-1.0,0
615,1,149.0,71.0,4.0,6.5,1
616,1,167.0,131.0,5.0,5.0,0
617,1,184.0,155.0,4.0,15.0,1
618,0,159.0,170.0,3.0,1.0,1
619,1,147.0,180.0,1.0,-2.5,1
620,1,149.0,238.0,3.0,3.5,1
621,1,130.0,141.0,3.0,-7.5,1
622,1,103.0,125.0,3.0,1.5,1
623,1,162.0,78.0,5.0,7.0,1
624,1,133.0,150.0,2.0,3.0,1
625,0,140.0,132.0,3.0,4.5,0
626,1,104.0,183.0,1.0,1.0,1
627,0,113.0,133.0,3.0,-1.5,0
628,1,170.0,138.0,3.0,6.5,1
629,1,124.0,118.0,4.0,-7.5,1
630,1,154.0,144.0,3.0,7.5,1
631,1,213.0,227.0,3.0,3.0,1
632,0,208.0,170.0,5.0,10.5,0
633,1,103.0,188.0,1.0,-6.0,1
634,1,162.0,257.0,3.0,-4.5,1
635,1,166.0,187.0,3.0,-5.0,1
636,1,154.0,186.0,2.0,-3.5,1
637,1,216.0,128.0,6.0,11.0,1
638,1,136.0,171.0,4.0,-2.5,1
639,0,140.0,134.0,4.0,4.5,0
640,1,139.0,187.0,3.0,1.0,1
641,0,234.0,161.0,6.0,3.5,0
642,1,201.0,130.0,7.0,4.5,1
643,1,190.0,216.0,2.0,2.5,1
644,1,117.0,219.0,1.0,-3.0,1
645,1,149.0,180.0,2.0,-3.5,1
646,0,226.0,185.0,4.0,3.0,1
647,1,170.0,149.0,4.0,6.5,1
648,1,262.0,170.0,5.0,13.5,1
649,1,199.0,176.0,6.0,7.5,1
650,1,189.0,218.0,3.0,-3.5,1
651,1,218.0,229.0,3.0,-1.0,1
652,1,204.0,197.0,5.0,-3.0,1
653,0,170.0,154.0,5.0,5.5,0
654,1,133.0,183.0,3.0,-1.0,1
655,0,189.0,103.0,6.0,13.0,0
656,1,236.0,120.0,7.0,1.0,1
657,1,191.0,164.0,5.0,12.5,1
658,1,211.0,285.0,3.0,1.0,1
659,1,226.0,248.0,3.0,3.5,1
660,0,216.0,222.0,4.0,-3.0,0
661,1,247.0,174.0,8.0,9.5,1
662,1,163.0,216.0,2.0,-1.0,1
663,1,188.0,204.0,4.0,7.0,1
664,1,161.0,210.0,3.0,3.5,1
665,1,299.0,201.0,6.0,10.0,1
666,1,250.0,143.0,8.0,15.0,1
667,0,146.0,256.0,1.0,-3.0,1
668,1,191.0,284.0,3.0,-6.0,1
669,0,271.0,189.0,6.0,7.5,0
670,1,207.0,177.0,6.0,-3.0,1
671,1,213.0,127.0,6.0,3.5,1
672,1,236.0,246.0,4.0,-3.5,1
673,1,211.0,224.0,5.0,3.5,1
674,0,202.0,241.0,4.0,-7.0,0
675,1,248.0,237.0,5.0,9.5,1
676,1,189.0,234.0,2.0,-1.0,1
677,1,210.0,260.0,6.0,2.0,1
678,1,164.0,289.0,1.0,-3.5,1
679,1,152.0,284.0,1.0,-10.0,1
680,1,249.0,165.0,7.0,6.5,1
681,0,287.0,230.0,6.0,-1.0,0
682,1,187.0,205.0,4.0,-3.0,1
683,0,232.0,221.0,4.0,-1.0,0
684,1,287.0,273.0,5.0,-1.0,1
685,1,163.0,196.0,4.0,1.0,1
686,0,267.0,216.0,6.0,1.5,0
687,1,162.0,252.0,3.0,-3.0,1
688,1,294.0,216.0,10.0,3.5,1
689,1,277.0,175.0,8.0,3.0,1
690,0,273.0,245.0,7.0,7.0,0
691,1,205.0,254.0,4.0,-7.0,1
692,1,221.0,290.0,4.0,6.0,1
693,1,161.0,301.0,1.0,-5.0,1
694,1,267.0,280.0,4.0,7.0,1
695,1,243.0,319.0,4.0,6.0,1
696,1,211.0,226.0,5.0,-7.0,1
697,0,238.0,335.0,4.0,-7.0,0
698,1,318.0,221.0,8.0,9.5,1
699,0,283.0,219.0,9.0,7.0,0
700,1,218.0,356.0,3.0,-2.5,1
701,1,245.0,237.0,4.0,1.0,1
702,0,242.0,262.0,5.0,10.5,1
703,1,295.0,285.0,5.0,-2.5,1
704,1,235.0,376.0,3.0,-10.0,1
705,1,312.0,301.0,6.0,1.0,1
706,0,229.0,265.0,4.0,7.0,0
707,1,254.0,230.0,7.0,7.0,1
708,1,265.0,306.0,8.0,3.5,1
709,1,206.0,342.0,2.0,-3.0,1
710,1,262.0,272.0,6.0,-1.0,1
711,1,235.0,292.0,3.0,-3.0,1
712,1,333.0,285.0,6.0,8.0,1
713,0,277.0,337.0,5.0,3.5,1
714,1,302.0,260.0,7.0,3.5,1
715,0,289.0,171.0,8.0,10.5,1
716,1,321.0,243.0,7.0,4.0,1
717,1,242.0,202.0,7.0,10.5,1
718,0,296.0,259.0,8.0,6.0,0
719,1,430.0,260.0,9.0,5.5,1
720,1,240.0,341.0,4.0,-4.5,1
721,1,308.0,219.0,8.0,-3.0,1
722,0,337.0,259.0,11.0,1.0,0
723,1,348.0,379.0,5.0,3.5,1
724,1,236.0,279.0,6.0,1.0,1
725,1,259.0,272.0,5.0,4.0,1
726,1,240.0,276.0,5.0,7.5,1
727,1,331.0,273.0,9.0,-3.0,1
728,1,365.0,263.0,11.0,10.5,1
729,0,186.0,292.0,4.0,-5.5,0
730,1,292.0,281.0,5.0,3.0,1
731,0,289.0,352.0,5.0,-4.5,1
732,1,300.0,314.0,7.0,-1.0,1
733,1,248.0,402.0,3.0,4.5,1
734,0,472.0,274.0,10.0,4.0,0
735,1,271.0,386.0,4.0,1.0,1
736,1,330.0,380.0,4.0,-3.5,1
737,1,344.0,292.0,10.0,11.0,1
738,0,296.0,319.0,5.0,9.5,0
739,1,264.0,279.0,6.0,5.0,1
740,1,302.0,291.0,7.0,3.5,1
741,1,219.0,383.0,2.0,-14.0,1
742,1,195.0,367.0,2.0,-4.5,1
743,1,327.0,338.0,8.0,1.0,1
744,1,253.0,375.0,4.0,-4.0,1
745,0,354.0,349.0,6.0,3.0,1
746,1,348.0,307.0,9.0,-1.0,1
747,0,394.0,280.0,12.0,7.5,0
748,1,409.0,274.0,11.0,11.0,1
749,1,224.0,302.0,5.0,-7.0,1
750,0,350.0,219.0,9.0,2.5,0
751,1,255.0,320.0,6.0,3.0,1
752,1,316.0,426.0,5.0,3.5,1
753,1,529.0,331.0,11.0,10.0,1
754,0,368.0,303.0,9.0,1.0,0
755,1,312.0,304.0,7.0,11.0,1
756,1,329.0,371.0,10.0,-7.0,1
757,1,292.0,451.0,5.0,4.0,1
758,1,387.0,337.0,8.0,7.0,0
759,1,408.0,370.0,9.0,3.5,1
760,1,348.0,411.0,4.0,-3.5,1
761,0,342.0,314.0,9.0,-3.5,0
762,1,402.0,277.0,13.0,3.5,1
763,0,423.0,410.0,7.0,5.0,0
764,1,443.0,286.0,12.0,16.0,1
765,1,326.0,329.0,6.0,10.0,1
766,0,370.0,260.0,10.0,16.5,0
767,1,392.0,232.0,10.0,10.5,1
768,1,0.0,0.0,0.0,7.5,1
769,1,0.0,0.0,0.0,-10.0,1
770,0,0.0,0.0,0.0,-3.0,1
771,1,0.0,0.0,0.0,3.0,1
772,1,0.0,0.0,0.0,2.5,1
773,1,0.0,0.0,0.0,4.0,1
774,1,0.0,0.0,0.0,11.0,1
775,1,0.0,0.0,0.0,-3.5,0
776,1,0.0,0.0,0.0,-4.0,1
777,0,0.0,0.0,0.0,3.5,1
778,1,0.0,0.0,0.0,6.0,1
779,0,0.0,0.0,0.0,3.5,1
780,1,0.0,0.0,0.0,5.0,1
781,1,0.0,0.0,0.0,3.5,1
782,0,0.0,0.0,0.0,4.0,1
783,1,0.0,0.0,0.0,-5.0,1
784,1,23.0,21.0,1.0,10.5,1
785,1,17.0,23.0,0.0,4.0,1
786,0,27.0,49.0,0.0,5.5,0
787,1,21.0,23.0,0.0,-3.5,1
788,1,24.0,21.0,1.0,6.0,1
789,1,28.0,34.0,0.0,9.0,1
790,1,31.0,28.0,1.0,7.5,1
791,1,21.0,17.0,1.0,1.0,1
792,1,28.0,2.0,1.0,3.0,1
793,0,33.0,27.0,1.0,7.5,0
794,1,24.0,27.0,0.0,-1.0,1
795,0,17.0,18.0,0.0,-3.0,1
796,1,31.0,36.0,0.0,-3.5,1
797,1,17.0,21.0,0.0,3.5,1
798,0,12.0,7.0,1.0,3.0,0
799,1,21.0,24.0,0.0,7.0,1
800,1,63.0,60.0,1.0,3.0,1
801,1,41.0,55.0,1.0,1.0,1
802,0,41.0,34.0,1.0,-3.0,0
803,1,52.0,48.0,1.0,3.5,1
804,1,47.0,30.0,2.0,3.0,1
805,1,54.0,65.0,0.0,7.0,1
806,1,28.0,30.0,1.0,2.5,1
807,1,36.0,31.0,2.0,7.5,1
808,1,39.0,31.0,2.0,8.0,1
809,0,40.0,39.0,1.0,3.0,0
810,1,47.0,71.0,0.0,-1.0,1
811,0,30.0,36.0,0.0,-1.0,0
812,1,37.0,57.0,1.0,10.5,1
813,1,41.0,10.0,2.0,19.5,1
814,0,19.0,36.0,0.0,-2.5,0
815,1,90.0,50.0,2.0,16.0,1
816,1,58.0,86.0,1.0,-3.0,1
817,1,65.0,73.0,1.0,-4.0,1
818,0,47.0,64.0,1.0,-3.5,1
819,1,82.0,69.0,2.0,3.0,1
820,1,70.0,82.0,2.0,-1.0,1
821,1,28.0,92.0,0.0,-9.5,1
822,1,71.0,34.0,3.0,3.5,1
823,1,81.0,96.0,0.0,-3.0,1
824,1,34.0,57.0,0.0,2.5,1
825,0,60.0,56.0,2.0,3.5,1
826,1,127.0,71.0,3.0,10.5,1
827,0,57.0,67.0,1.0,-3.5,0
828,1,78.0,81.0,1.0,-1.0,1
829,1,71.0,74.0,1.0,3.0,1
830,0,70.0,38.0,3.0,7.0,0
831,1,64.0,70.0,2.0,3.5,1
832,1,127.0,114.0,3.0,1.0,1
833,0,81.0,81.0,2.0,-2.0,0
834,1,96.0,88.0,1.0,10.0,1
835,1,105.0,51.0,3.0,-3.0,1
836,1,91.0,91.0,3.0,2.5,1
837,1,61.0,146.0,0.0,-1.0,1
838,1,69.0,121.0,1.0,11.0,1
839,1,98.0,69.0,3.0,-2.5,1
840,0,69.0,89.0,2.0,-3.0,0
841,1,104.0,85.0,2.0,-7.5,1
842,0,71.0,91.0,1.0,-6.0,0
843,1,79.0,95.0,2.0,4.0,1
844,1,94.0,104.0,1.0,10.0,1
845,1,145.0,140.0,3.0,9.5,1
846,1,117.0,110.0,3.0,-1.0,1
847,0,112.0,130.0,2.0,-6.0,0
848,1,101.0,94.0,3.0,-1.0,1
849,1,93.0,139.0,2.0,9.5,1
850,1,128.0,58.0,5.0,7.5,1
851,1,115.0,123.0,1.0,2.5,1
852,1,98.0,116.0,3.0,-1.0,1
853,1,44.0,70.0,0.0,-2.5,1
854,0,230.0,139.0,5.0,27.0,0
855,1,137.0,81.0,4.0,11.0,1
856,0,95.0,70.0,4.0,2.5,0
857,1,113.0,98.0,3.0,10.0,1
858,1,152.0,136.0,2.0,5.5,1
859,0,125.0,129.0,2.0,-1.0,0
860,1,111.0,127.0,3.0,-5.0,1
861,1,122.0,134.0,1.0,6.0,1
862,0,109.0,68.0,2.0,8.0,0
863,1,162.0,140.0,4.0,2.5,1
864,1,137.0,114.0,3.0,7.5,1
865,1,70.0,198.0,0.0,-7.5,1
866,1,152.0,65.0,6.0,7.0,1
867,1,114.0,117.0,3.0,6.0,1
868,1,104.0,135.0,3.0,-3.5,1
869,0,166.0,179.0,3.0,3.0,0
870,1,107.0,143.0,1.0,-1.0,1
871,0,128.0,115.0,3.0,-3.0,0
872,1,88.0,116.0,1.0,-2.5,1
873,1,148.0,98.0,4.0,-6.0,1
874,0,103.0,209.0,0.0,4.0,0
875,1,87.0,132.0,0.0,-6.5,1
876,1,186.0,167.0,4.0,3.0,1
877,0,76.0,222.0,0.0,-16.0,0
878,1,169.0,81.0,7.0,7.0,1
879,1,152.0,127.0,5.0,6.5,1
880,1,161.0,103.0,5.0,10.5,1
881,1,169.0,196.0,3.0,5.5,1
882,1,105.0,132.0,2.0,-2.5,1
883,1,148.0,135.0,5.0,6.0,1
884,0,133.0,161.0,3.0,2.5,0
885,1,298.0,197.0,6.0,11.0,1
886,0,132.0,181.0,1.0,-7.0,0
887,1,156.0,184.0,3.0,-13.0,1
888,1,152.0,167.0,3.0,-3.0,1
889,1,176.0,213.0,3.0,-4.5,1
890,0,170.0,96.0,4.0,10.0,0
891,1,230.0,186.0,4.0,10.0,1
892,1,143.0,211.0,4.0,-6.0,1
893,1,165.0,198.0,3.0,-3.0,1
894,1,173.0,229.0,2.0,1.0,1
895,1,126.0,150.0,3.0,-1.0,1
896,1,205.0,125.0,7.0,16.0,1
897,0,148.0,179.0,3.0,-1.0,0
898,1,179.0,144.0,6.0,5.5,1
899,0,122.0,194.0,2.0,-1.0,1
900,1,212.0,158.0,5.0,10.5,0
901,1,186.0,252.0,1.0,-1.0,1
902,1,176.0,218.0,2.0,-3.5,1
903,0,168.0,172.0,3.0,1.0,0
904,1,240.0,226.0,5.0,-1.0,1
905,1,232.0,185.0,5.0,-1.0,1
906,1,214.0,155.0,6.0,7.5,1
907,1,141.0,223.0,2.0,7.5,1
908,1,156.0,208.0,2.0,3.0,1
909,1,173.0,167.0,4.0,11.5,1
910,0,218.0,145.0,6.0,6.0,1
911,1,160.0,174.0,4.0,4.0,1
912,0,192.0,174.0,4.0,-7.0,0
913,1,216.0,146.0,6.0,6.0,1
914,1,124.0,190.0,0.0,-1.0,1
915,1,200.0,196.0,4.0,-2.5,1
916,1,199.0,259.0,3.0,-1.0,1
917,0,259.0,247.0,5.0,4.0,1
918,1,234.0,186.0,6.0,4.0,1
919,1,170.0,248.0,2.0,10.5,1
920,1,115.0,291.0,1.0,-9.5,1
921,1,193.0,209.0,4.0,-2.5,1
922,1,252.0,244.0,5.0,4.5,1
923,1,179.0,218.0,3.0,-3.0,1
924,0,146.0,209.0,1.0,1.0,1
925,1,371.0,238.0,8.0,7.5,1
926,0,265.0,163.0,7.0,3.5,1
927,1,265.0,159.0,9.0,13.0,1
928,1,165.0,243.0,3.0,3.5,1
929,0,214.0,115.0,6.0,3.0,0
930,1,214.0,292.0,2.0,-7.5,1
931,1,208.0,212.0,4.0,4.0,1
932,0,192.0,238.0,4.0,2.5,0
933,1,265.0,253.0,6.0,7.0,1
934,1,258.0,239.0,5.0,6.0,1
935,1,193.0,276.0,2.0,10.5,1
936,1,232.0,138.0,9.0,3.5,1
937,1,213.0,225.0,5.0,-4.5,1
938,1,224.0,234.0,4.0,1.0,1
939,0,214.0,212.0,6.0,3.5,0
940,1,194.0,246.0,4.0,-2.5,1
941,0,192.0,256.0,4.0,1.0,0
942,1,254.0,199.0,7.0,1.0,1
943,1,246.0,311.0,3.0,-5.5,1
944,1,286.0,277.0,6.0,7.0,1
945,1,298.0,279.0,6.0,10.0,1
946,0,227.0,215.0,5.0,3.0,0
947,1,258.0,151.0,8.0,7.5,1
948,1,203.0,265.0,4.0,7.5,1
949,1,263.0,260.0,7.0,3.5,1
950,1,270.0,179.0,9.0,-5.0,1
951,1,266.0,346.0,2.0,2.5,1
952,1,186.0,287.0,5.0,-1.0,1
953,0,276.0,260.0,6.0,3.5,0
954,1,236.0,273.0,4.0,5.0,1
955,0,274.0,184.0,7.0,7.5,0
956,1,199.0,289.0,2.0,-7.0,1
957,1,269.0,260.0,5.0,-2.5,1
958,0,252.0,338.0,3.0,1.0,1
959,1,306.0,179.0,10.0,6.5,1
960,1,174.0,352.0,3.0,-3.0,1
961,1,249.0,235.0,6.0,6.0,1
962,0,292.0,216.0,8.0,7.0,1
963,1,322.0,261.0,9.0,9.5,1
964,1,189.0,310.0,5.0,3.0,1
965,1,312.0,230.0,9.0,3.0,1
966,1,300.0,281.0,7.0,2.5,1
967,1,263.0,278.0,5.0,3.0,1
968,1,217.0,285.0,3.0,3.0,1
969,0,269.0,362.0,3.0,-3.5,0
970,1,464.0,317.0,10.0,13.0,1
971,0,275.0,247.0,7.0,4.0,0
972,1,279.0,277.0,5.0,4.5,1
973,1,297.0,197.0,8.0,2.5,1
974,0,294.0,305.0,5.0,3.5,0
975,1,323.0,332.0,6.0,2.0,1
976,1,515.0,345.0,11.0,10.0,1
977,1,282.0,362.0,3.0,5.5,1
978,0,257.0,324.0,4.0,1.0,0
979,1,313.0,316.0,8.0,6.0,1
980,1,201.0,372.0,4.0,-4.0,1
981,1,286.0,276.0,7.0,2.5,1
982,1,315.0,395.0,3.0,-6.5,1
983,1,251.0,334.0,5.0,-9.5,1
984,1,289.0,308.0,5.0,-6.5,1
985,0,244.0,291.0,4.0,-4.5,0
986,1,292.0,318.0,5.0,-3.0,1
987,0,298.0,188.0,9.0,10.0,1
988,1,264.0,337.0,4.0,-6.5,1
989,1,357.0,348.0,7.0,4.0,1
990,0,291.0,312.0,5.0,-2.0,0
991,1,346.0,321.0,7.0,4.5,1
992,1,300.0,354.0,5.0,1.0,1
993,1,328.0,208.0,10.0,3.5,1
994,0,354.0,274.0,9.0,7.5,0
995,1,253.0,375.0,2.0,-9.0,1
996,1,221.0,399.0,4.0,-4.0,1
997,1,399.0,255.0,11.0,7.5,1
998,1,246.0,367.0,6.0,2.5,1
999,1,364.0,349.0,8.0,2.5,1
1000,1,316.0,324.0,6.0,3.5,1
1001,0,305.0,434.0,3.0,-3.0,0
1002,1,362.0,339.0,7.0,9.5,1
1003,0,380.0,205.0,12.0,8.0,1
1004,1,353.0,362.0,7.0,-1.0,1
1005,1,343.0,311.0,7.0,10.0,1
1006,0,296.0,277.0,8.0,-1.0,0
1007,1,349.0,228.0,10.0,15.5,1
1008,1,333.0,422.0,4.0,-5.5,1
1009,1,417.0,445.0,8.0,-3.0,1
1010,0,396.0,288.0,10.0,6.5,1
1011,1,417.0,408.0,8.0,-7.5,1
1012,1,361.0,326.0,10.0,11.0,1
1013,1,310.0,315.0,8.0,7.5,1
1014,1,377.0,467.0,4.0,-2.5,1
1015,1,410.0,318.0,11.0,7.5,1
1016,1,372.0,287.0,10.0,11.0,1
1017,0,274.0,377.0,6.0,3.5,0
1018,1,359.0,363.0,7.0,9.5,1
1019,0,346.0,371.0,6.0,7.0,0
1020,1,359.0,301.0,10.0,3.0,1
1021,1,308.0,419.0,4.0,-10.0,1
1022,0,369.0,324.0,8.0,15.5,0
1023,1,390.0,222.0,12.0,13.0,1
1024,1,0.0,0.0,0.0,4.5,1
1025,1,0.0,0.0,0.0,-3.0,1
1026,0,0.0,0.0,0.0,2.5,1
1027,1,0.0,0.0,0.0,7.0,1
1028,1,0.0,0.0,0.0,3.0,1
1029,1,0.0,0.0,0.0,3.0,1
1030,1,0.0,0.0,0.0,-3.5,0
1031,1,0.0,0.0,0.0,6.5,1
1032,1,0.0,0.0,0.0,10.0,1
1033,0,0.0,0.0,0.0,5.5,1
1034,1,0.0,0.0,0.0,3.0,1
1035,0,0.0,0.0,0.0,-3.5,0
1036,1,0.0,0.0,0.0,5.5,1
1037,1,0.0,0.0,0.0,8.0,1
1038,0,0.0,0.0,0.0,6.5,1
1039,1,0.0,0.0,0.0,3.0,1
1040,1,16.0,23.0,0.0,2.5,1
1041,1,23.0,20.0,1.0,1.0,1
1042,0,20.0,14.0,1.0,1.0,1
1043,1,23.0,16.0,1.0,5.5,1
1044,1,27.0,30.0,0.0,-4.5,1
1045,1,34.0,6.0,1.0,-3.5,1
1046,1,14.0,35.0,0.0,1.0,1
1047,1,26.0,10.0,1.0,3.0,1
1048,1,6.0,17.0,0.0,5.0,1
1049,0,17.0,18.0,0.0,-4.5,0
1050,1,14.0,20.0,0.0,4.0,1
1051,0,31.0,24.0,1.0,13.0,1
1052,1,16.0,36.0,0.0,7.0,1
1053,1,14.0,19.0,0.0,-3.0,1
1054,0,28.0,17.0,1.0,7.0,0
1055,1,24.0,31.0,0.0,3.0,1
1056,1,47.0,58.0,1.0,6.5,1
1057,1,52.0,30.0,2.0,2.5,1
1058,0,47.0,26.0,2.0,6.5,0
1059,1,53.0,54.0,1.0,-2.0,1
1060,1,42.0,38.0,1.0,1.5,1
1061,1,27.0,75.0,0.0,-6.0,1
1062,1,50.0,40.0,1.0,14.0,1
1063,1,58.0,63.0,0.0,10.0,1
1064,1,28.0,60.0,0.0,1.0,1
1065,0,64.0,44.0,2.0,4.0,0
1066,1,25.0,51.0,1.0,-1.5,1
1067,0,43.0,31.0,2.0,-3.0,0
1068,1,43.0,49.0,1.0,6.0,1
1069,1,57.0,46.0,1.0,4.0,1
1070,0,44.0,21.0,2.0,3.0,0
1071,1,43.0,45.0,1.0,1.5,1
1072,1,81.0,64.0,1.0,3.0,1
1073,1,65.0,50.0,2.0,3.5,1
1074,0,75.0,62.0,2.0,-2.0,0
1075,1,64.0,50.0,2.0,3.0,1
1076,1,95.0,78.0,1.0,7.5,1
1077,1,50.0,56.0,1.0,-5.5,0
1078,1,62.0,72.0,1.0,2.0,1
1079,1,37.0,65.0,0.0,-4.0,1
1080,1,73.0,72.0,2.0,7.5,1
1081,0,69.0,49.0,2.0,13.0,0
1082,1,62.0,68.0,1.0,3.5,1
1083,0,77.0,69.0,2.0,-3.0,0
1084,1,61.0,65.0,1.0,-3.0,1
1085,1,92.0,96.0,2.0,8.5,1
1086,1,73.0,96.0,2.0,1.5,1
1087,0,115.0,86.0,3.0,5.0,1
1088,1,85.0,62.0,3.0,4.5,1
1089,1,136.0,95.0,2.0,2.5,1
1090,1,58.0,152.0,0.0,-6.0,1
1091,1,95.0,110.0,1.0,11.0,1
1092,1,103.0,91.0,2.0,4.0,1
1093,1,122.0,104.0,3.0,3.5,1
1094,0,60.0,110.0,1.0,-1.0,0
1095,1,75.0,67.0,2.0,8.0,1
1096,0,102.0,63.0,3.0,7.0,0
1097,1,88.0,89.0,2.0,4.0,1
1098,1,80.0,90.0,2.0,-2.5,1
1099,0,95.0,109.0,1.0,-7.0,0
1100,1,104.0,87.0,3.0,-2.5,1
1101,1,151.0,143.0,2.0,3.5,1
1102,0,96.0,89.0,3.0,1.0,0
1103,1,97.0,76.0,3.0,7.0,1
1104,1,103.0,105.0,2.0,2.5,1
1105,1,96.0,97.0,2.0,-1.5,1
1106,1,101.0,126.0,2.0,1.0,1
1107,1,79.0,127.0,1.0,-10.0,1
1108,1,103.0,156.0,1.0,-3.5,1
1109,0,88.0,139.0,1.0,4.0,0
1110,1,51.0,103.0,0.0,-7.0,1
1111,0,86.0,86.0,3.0,5.0,0
1112,1,110.0,83.0,3.0,10.0,1
1113,1,156.0,132.0,4.0,1.0,1
1114,0,84.0,119.0,1.0,-3.5,0
1115,1,160.0,129.0,4.0,9.5,1
1116,1,164.0,97.0,4.0,7.0,1
1117,0,118.0,126.0,3.0,7.0,0
1118,1,143.0,144.0,3.0,3.0,1
1119,1,116.0,82.0,4.0,1.5,1
1120,1,161.0,130.0,4.0,6.5,1
1121,1,189.0,136.0,4.0,3.0,1
1122,1,81.0,185.0,0.0,-4.0,1
1123,1,101.0,150.0,1.0,-7.0,1
1124,0,132.0,166.0,1.0,6.0,0
1125,1,164.0,91.0,5.0,3.0,1
1126,0,165.0,126.0,5.0,5.0,0
1127,1,79.0,134.0,0.0,-3.5,1
1128,1,147.0,104.0,4.0,7.0,1
1129,0,124.0,139.0,3.0,3.0,0
1130,1,189.0,121.0,5.0,9.0,1
1131,1,171.0,199.0,2.0,-3.5,1
1132,0,158.0,195.0,3.0,-6.0,0
1133,1,134.0,140.0,3.0,-2.5,1
1134,1,105.0,191.0,1.0,-7.0,1
1135,1,142.0,121.0,3.0,7.5,1
1136,1,187.0,154.0,5.0,5.5,1
1137,1,121.0,185.0,1.0,3.0,1
1138,1,120.0,204.0,1.0,1.0,1
1139,0,121.0,172.0,2.0,-3.5,1
1140,1,140.0,119.0,5.0,1.0,1
1141,0,140.0,139.0,3.0,6.5,0
1142,1,154.0,162.0,4.0,-5.0,1
1143,1,155.0,165.0,2.0,2.0,1
1144,0,196.0,147.0,6.0,9.5,0
1145,1,167.0,208.0,3.0,-3.0,1
1146,1,161.0,164.0,4.0,10.0,1
1147,0,163.0,152.0,4.0,7.0,0
1148,1,213.0,167.0,6.0,1.5,1
1149,1,185.0,166.0,4.0,-1.5,1
1150,1,176.0,128.0,4.0,9.5,1
1151,1,174.0,151.0,4.0,3.0,1
1152,1,139.0,173.0,3.0,-1.0,1
1153,1,158.0,165.0,4.0,10.5,1
1154,0,238.0,177.0,6.0,-3.0,0
1155,1,172.0,150.0,4.0,13.5,1
1156,0,205.0,196.0,5.0,2.5,0
1157,1,154.0,169.0,3.0,-3.0,1
1158,1,194.0,187.0,5.0,6.5,1
1159,1,240.0,174.0,5.0,10.5,1
1160,0,178.0,165.0,5.0,2.0,1
1161,1,162.0,126.0,6.0,3.0,1
1162,1,141.0,251.0,1.0,-7.5,1
1163,1,227.0,198.0,4.0,6.0,1
1164,1,154.0,252.0,1.0,-4.5,1
1165,1,150.0,245.0,1.0,-3.5,1
1166,1,129.0,211.0,0.0,-13.0,1
1167,0,192.0,156.0,7.0,7.0,0
1168,1,202.0,174.0,5.0,9.0,1
1169,0,222.0,191.0,5.0,9.5,0
1170,1,234.0,177.0,6.0,7.0,1
1171,1,227.0,171.0,5.0,4.0,1
1172,1,198.0,281.0,3.0,-2.5,1
1173,0,194.0,277.0,3.0,2.5,0
1174,1,209.0,172.0,6.0,4.5,1
1175,1,277.0,205.0,6.0,4.5,0
1176,1,217.0,151.0,6.0,-1.0,1
1177,1,251.0,225.0,4.0,8.5,1
1178,1,195.0,247.0,3.0,-4.0,1
1179,1,163.0,251.0,3.0,-8.0,1
1180,0,197.0,229.0,3.0,6.5,1
1181,1,205.0,186.0,5.0,10.0,1
1182,0,223.0,170.0,8.0,-1.0,0
1183,1,290.0,211.0,6.0,3.0,1
1184,1,144.0,223.0,2.0,-7.0,1
1185,1,152.0,265.0,0.0,-7.5,1
1186,1,238.0,255.0,4.0,3.0,1
1187,0,200.0,204.0,5.0,2.5,0
1188,1,215.0,290.0,4.0,4.0,1
1189,1,229.0,204.0,5.0,3.0,1
1190,1,310.0,253.0,6.0,13.0,1
1191,1,181.0,220.0,4.0,-7.5,1
1192,1,323.0,218.0,8.0,7.5,1
1193,1,299.0,251.0,7.0,11.0,1
1194,0,218.0,192.0,6.0,4.0,0
1195,1,260.0,215.0,6.0,7.5,1
1196,0,293.0,224.0,7.0,6.5,0
1197,1,211.0,212.0,6.0,9.0,1
1198,1,205.0,263.0,3.0,-4.0,1
1199,0,261.0,252.0,4.0,2.5,1
1200,1,197.0,190.0,7.0,7.5,1
1201,1,292.0,240.0,8.0,3.0,1
1202,0,228.0,225.0,7.0,1.0,0
1203,1,295.0,208.0,7.0,6.5,1
1204,1,238.0,207.0,6.0,3.0,1
1205,1,242.0,226.0,5.0,7.0,1
1206,1,333.0,256.0,7.0,7.5,1
1207,1,161.0,305.0,1.0,-3.0,1
1208,1,202.0,244.0,4.0,2.5,1
1209,0,288.0,263.0,7.0,3.5,0
1210,1,209.0,285.0,4.0,6.5,1
1211,0,207.0,300.0,2.0,-6.0,0
1212,1,262.0,281.0,4.0,-1.5,1
1213,1,354.0,246.0,8.0,3.0,1
1214,0,261.0,195.0,7.0,1.0,0
1215,1,177.0,303.0,2.0,-6.5,1
1216,1,253.0,337.0,5.0,-3.5,0
1217,1,260.0,247.0,8.0,3.0,1
1218,0,252.0,245.0,7.0,-3.0,0
1219,1,231.0,207.0,8.0,10.5,1
1220,1,186.0,329.0,2.0,-6.5,1
1221,1,301.0,232.0,7.0,3.0,1
1222,1,233.0,257.0,5.0,4.5,1
1223,1,323.0,318.0,5.0,8.5,1
1224,1,213.0,338.0,2.0,-3.0,1
1225,0,244.0,322.0,3.0,-2.5,0
1226,1,258.0,224.0,9.0,-2.5,1
1227,0,361.0,276.0,9.0,9.0,0
1228,1,176.0,337.0,1.0,-8.0,1
1229,1,375.0,285.0,9.0,-1.5,1
1230,0,279.0,249.0,8.0,-4.0,0
1231,1,380.0,267.0,9.0,13.5,1
1232,1,285.0,285.0,6.0,6.0,1
1233,1,328.0,342.0,5.0,-3.0,1
1234,0,356.0,255.0,8.0,14.0,0
1235,1,281.0,241.0,7.0,-3.5,1
1236,1,269.0,341.0,4.0,3.5,1
1237,1,276.0,270.0,7.0,2.5,1
1238,1,265.0,224.0,9.0,8.0,1
1239,1,407.0,307.0,9.0,7.0,1
1240,1,291.0,241.0,7.0,11.0,1
1241,0,401.0,267.0,10.0,9.5,0
1242,1,293.0,326.0,4.0,7.0,1
1243,0,293.0,272.0,8.0,-4.0,0
1244,1,220.0,374.0,2.0,-3.5,1
1245,1,322.0,235.0,9.0,10.0,1
1246,0,389.0,309.0,9.0,3.5,0
1247,1,281.0,378.0,5.0,-3.0,1
1248,1,211.0,376.0,2.0,4.0,1
1249,1,257.0,370.0,3.0,-7.0,1
1250,0,251.0,285.0,7.0,2.0,0
1251,1,288.0,358.0,5.0,6.0,1
1252,1,296.0,409.0,5.0,-10.0,1
1253,1,324.0,277.0,7.0,-6.0,1
1254,1,327.0,301.0,7.0,4.5,1
1255,1,364.0,374.0,6.0,6.0,1
1256,1,230.0,360.0,3.0,-10.0,1
1257,0,389.0,339.0,9.0,2.5,0
1258,1,254.0,367.0,2.0,-11.5,1
1259,0,291.0,297.0,6.0,7.0,1
1260,1,381.0,328.0,10.0,3.5,1
1261,1,213.0,381.0,2.0,-7.0,1
1262,0,287.0,244.0,11.0,-9.5,0
1263,1,311.0,289.0,9.0,-3.5,1
1264,1,378.0,383.0,6.0,2.5,1
1265,1,389.0,292.0,9.0,14.0,1
1266,0,456.0,328.0,11.0,9.0,0
1267,1,349.0,290.0,8.0,8.5,1
1268,1,334.0,274.0,8.0,3.0,1
1269,1,364.0,336.0,8.0,7.0,1
1270,1,312.0,334.0,6.0,7.0,1
1271,1,459.0,296.0,12.0,4.5,1
1272,1,354.0,366.0,6.0,-1.0,1
1273,0,409.0,351.0,10.0,3.0,0
1274,1,257.0,387.0,2.0,-6.0,1
1275,0,244.0,411.0,2.0,-7.5,1
1276,1,284.0,394.0,4.0,-6.0,1
1277,1,435.0,340.0,11.0,16.5,1
1278,0,286.0,323.0,7.0,6.0,0
1279,1,374.0,248.0,11.0,11.0,1
1280,1,0.0,0.0,0.0,7.5,1
1281,1,0.0,0.0,0.0,-5.5,1
1282,0,0.0,0.0,0.0,-3.5,0
1283,1,0.0,0.0,0.0,-3.0,1
1284,1,0.0,0.0,0.0,-4.0,1
1285,1,0.0,0.0,0.0,-1.0,1
1286,1,0.0,0.0,0.0,3.5,1
1287,1,0.0,0.0,0.0,-1.0,1
1288,1,0.0,0.0,0.0,2.0,1
1289,0,0.0,0.0,0.0,3.5,1
1290,1,0.0,0.0,0.0,4.5,1
1291,0,0.0,0.0,0.0,-3.0,1
1292,1,0.0,0.0,0.0,3.0,1
1293,1,0.0,0.0,0.0,7.0,1
1294,0,0.0,0.0,0.0,-3.5,0
1295,1,0.0,0.0,0.0,-2.5,0
1296,1,27.0,20.0,1.0,3.0,1
1297,1,20.0,9.0,1.0,3.0,1
1298,0,27.0,14.0,1.0,2.0,0
1299,1,33.0,13.0,1.0,3.5,1
1300,1,10.0,31.0,0.0,1.0,1
1301,1,26.0,27.0,0.0,2.0,1
1302,1,10.0,17.0,0.0,-3.0,1
1303,1,23.0,31.0,0.0,-2.0,1
1304,1,3.0,20.0,0.0,2.5,1
1305,0,19.0,31.0,0.0,9.5,0
1306,1,21.0,28.0,0.0,6.0,1
1307,0,13.0,33.0,0.0,-6.0,0
1308,1,9.0,20.0,0.0,-5.0,1
1309,1,24.0,26.0,0.0,7.0,1
1310,0,31.0,23.0,1.0,3.5,0
1311,1,14.0,27.0,0.0,6.0,1
1312,1,46.0,51.0,0.0,3.0,1
1313,1,47.0,36.0,2.0,1.0,1
1314,0,44.0,26.0,2.0,10.0,0
1315,1,51.0,17.0,2.0,3.0,1
1316,1,37.0,51.0,0.0,6.0,1
1317,1,29.0,36.0,1.0,2.5,1
1318,1,44.0,55.0,1.0,1.5,1
1319,1,68.0,53.0,2.0,14.5,1
1320,1,46.0,56.0,0.0,2.5,1
1321,0,38.0,45.0,1.0,3.5,0
1322,1,56.0,42.0,1.0,-3.0,1
1323,0,79.0,42.0,2.0,7.0,1
1324,1,48.0,61.0,0.0,16.5,1
1325,1,37.0,33.0,1.0,1.0,1
1326,0,44.0,59.0,0.0,-3.0,1
1327,1,58.0,40.0,2.0,4.5,1
1328,1,76.0,52.0,2.0,-3.0,1
1329,1,51.0,74.0,1.0,-2.5,1
1330,0,46.0,105.0,0.0,-3.0,0
1331,1,89.0,72.0,3.0,4.0,1
1332,1,85.0,56.0,3.0,3.5,1
1333,1,56.0,80.0,1.0,4.0,1
1334,1,55.0,59.0,1.0,-3.0,1
1335,1,49.0,80.0,1.0,-3.0,1
1336,1,100.0,68.0,2.0,6.0,1
1337,0,66.0,83.0,1.0,4.5,0
1338,1,45.0,93.0,1.0,-7.5,1
1339,0,126.0,49.0,3.0,7.0,0
1340,1,74.0,49.0,3.0,7.0,1
1341,1,60.0,84.0,0.0,3.0,1
1342,0,74.0,61.0,1.0,10.0,0
1343,1,77.0,108.0,1.0,4.5,1
1344,1,78.0,86.0,1.0,6.5,1
1345,0,100.0,125.0,1.0,10.0,0
1346,1,121.0,77.0,4.0,3.0,1
1347,1,137.0,93.0,4.0,7.5,1
1348,1,72.0,117.0,1.0,1.0,1
1349,1,93.0,104.0,1.0,6.0,1
1350,1,89.0,77.0,1.0,1.0,1
1351,1,113.0,71.0,4.0,8.5,1
1352,0,66.0,96.0,0.0,-4.5,0
1353,1,95.0,101.0,2.0,-8.0,1
1354,0,97.0,108.0,2.0,-5.0,0
1355,1,102.0,82.0,2.0,7.5,1
1356,1,96.0,110.0,2.0,3.5,1
1357,1,103.0,143.0,1.0,-3.0,1
1358,1,83.0,138.0,0.0,3.5,1
1359,0,95.0,55.0,3.0,7.5,0
1360,1,120.0,95.0,3.0,-5.5,1
1361,1,80.0,73.0,2.0,3.5,1
1362,1,124.0,105.0,3.0,-3.0,1
1363,1,118.0,132.0,2.0,-3.5,1
1364,1,102.0,91.0,1.0,2.5,1
1365,1,93.0,145.0,1.0,2.5,1
1366,0,111.0,98.0,2.0,7.0,0
1367,1,137.0,81.0,5.0,10.5,1
1368,0,75.0,140.0,1.0,-2.5,1
1369,1,99.0,113.0,3.0,-8.0,1
1370,1,117.0,103.0,2.0,3.5,1
1371,1,100.0,160.0,2.0,-6.5,1
1372,1,113.0,176.0,1.0,-3.5,1
1373,0,84.0,113.0,2.0,6.5,0
1374,1,103.0,111.0,2.0,4.5,1
1375,1,183.0,103.0,5.0,7.0,1
1376,1,127.0,159.0,1.0,4.0,1
1377,1,117.0,138.0,2.0,3.0,1
1378,1,120.0,172.0,1.0,1.0,1
1379,1,126.0,147.0,3.0,5.5,1
1380,0,112.0,129.0,1.0,-5.5,0
1381,1,136.0,161.0,2.0,3.5,1
1382,0,139.0,136.0,3.0,3.0,0
1383,1,135.0,94.0,5.0,3.0,1
1384,1,203.0,115.0,4.0,10.0,1
1385,1,213.0,126.0,6.0,8.0,1
1386,1,150.0,172.0,2.0,3.0,1
1387,0,161.0,188.0,1.0,4.5,1
1388,1,158.0,131.0,4.0,1.0,1
1389,1,154.0,199.0,2.0,3.5,1
1390,1,120.0,179.0,2.0,-1.0,1
1391,1,193.0,150.0,6.0,8.0,1
1392,1,161.0,185.0,3.0,3.0,1
1393,1,108.0,119.0,3.0,8.0,1
1394,0,147.0,182.0,2.0,-7.0,0
1395,1,144.0,153.0,3.0,-3.0,1
1396,0,121.0,158.0,2.0,-4.5,0
1397,1,139.0,102.0,6.0,-2.5,1
1398,1,162.0,110.0,6.0,5.0,1
1399,1,198.0,132.0,7.0,13.0,1
1400,1,147.0,122.0,5.0,2.0,1
1401,0,191.0,136.0,7.0,-2.0,0
1402,1,249.0,133.0,7.0,13.5,1
1403,1,213.0,234.0,4.0,7.0,1
1404,1,176.0,173.0,3.0,4.0,1
1405,1,172.0,139.0,4.0,7.5,1
1406,1,168.0,147.0,4.0,6.0,1
1407,1,163.0,199.0,3.0,-1.5,1
1408,0,109.0,207.0,2.0,-9.5,0
1409,1,173.0,203.0,3.0,-3.5,1
1410,0,133.0,171.0,2.0,-3.0,0
1411,1,191.0,227.0,2.0,3.5,1
1412,1,200.0,162.0,5.0,2.5,0
1413,1,158.0,195.0,3.0,-1.0,1
1414,0,203.0,167.0,6.0,10.5,0
1415,1,181.0,231.0,3.0,-1.0,1
1416,1,159.0,187.0,2.0,-3.5,1
1417,1,153.0,146.0,4.0,7.5,1
1418,1,193.0,164.0,4.0,5.5,1
1419,1,190.0,214.0,2.0,4.0,1
1420,1,206.0,182.0,5.0,7.0,1
1421,0,213.0,211.0,4.0,3.0,1
1422,1,247.0,226.0,5.0,-7.0,1
1423,0,192.0,139.0,7.0,4.0,1
1424,1,167.0,140.0,4.0,3.0,1
1425,1,229.0,142.0,8.0,10.0,1
1426,1,192.0,255.0,3.0,3.0,1
1427,1,199.0,234.0,4.0,-2.5,1
1428,0,167.0,261.0,2.0,-2.0,1
1429,1,229.0,190.0,6.0,3.5,1
1430,1,184.0,211.0,4.0,-4.0,1
1431,1,212.0,184.0,4.0,7.0,1
1432,1,198.0,154.0,7.0,-1.0,1
1433,1,255.0,175.0,9.0,7.0,1
1434,1,191.0,225.0,4.0,-2.5,1
1435,0,210.0,236.0,2.0,3.0,0
1436,1,302.0,185.0,7.0,4.0,1
1437,0,199.0,179.0,4.0,14.0,0
1438,1,210.0,249.0,2.0,-3.0,1
1439,1,303.0,169.0,9.0,7.0,1
1440,1,185.0,274.0,3.0,3.0,1
1441,1,190.0,228.0,3.0,-1.0,1
1442,0,249.0,198.0,7.0,7.5,0
1443,1,221.0,253.0,4.0,-1.0,1
1444,1,250.0,214.0,6.0,2.0,1
1445,1,266.0,186.0,8.0,10.5,1
1446,1,208.0,228.0,5.0,3.5,1
1447,1,224.0,248.0,5.0,3.0,1
1448,1,234.0,208.0,5.0,4.5,1
1449,0,211.0,268.0,4.0,5.0,0
1450,1,182.0,233.0,2.0,-1.0,1
1451,0,257.0,198.0,5.0,4.5,1
1452,1,139.0,252.0,3.0,-7.5,1
1453,1,228.0,192.0,5.0,3.0,1
1454,0,222.0,183.0,8.0,-2.5,1
1455,1,186.0,277.0,2.0,6.0,1
1456,1,230.0,288.0,4.0,-2.5,1
1457,1,287.0,273.0,5.0,-2.0,1
1458,0,266.0,257.0,5.0,3.0,0
1459,1,225.0,287.0,4.0,3.5,1
1460,1,213.0,310.0,2.0,-7.5,1
1461,1,203.0,257.0,2.0,3.0,1
1462,1,231.0,264.0,5.0,6.0,1
1463,1,231.0,194.0,8.0,-2.5,1
1464,1,261.0,339.0,4.0,-5.5,1
1465,0,248.0,279.0,5.0,1.0,0
1466,1,186.0,230.0,4.0,-3.5,1
1467,0,264.0,280.0,5.0,-3.0,0
1468,1,244.0,307.0,3.0,-6.0,1
1469,1,347.0,212.0,10.0,9.5,1
1470,0,266.0,230.0,6.0,10.0,0
1471,1,241.0,267.0,5.0,2.0,1
1472,1,382.0,232.0,10.0,10.0,1
1473,1,278.0,302.0,5.0,1.0,1
1474,0,295.0,248.0,7.0,8.0,0
1475,1,334.0,196.0,10.0,1.0,1
1476,1,253.0,264.0,6.0,-4.0,1
1477,1,275.0,341.0,4.0,1.0,1
1478,1,321.0,240.0,7.0,11.5,1
1479,1,251.0,290.0,5.0,4.0,1
1480,1,373.0,243.0,12.0,8.5,1
1481,0,271.0,298.0,6.0,6.0,0
1482,1,189.0,257.0,4.0,-3.0,1
1483,0,216.0,347.0,2.0,2.5,0
1484,1,269.0,210.0,10.0,6.0,1
1485,1,289.0,238.0,8.0,6.0,1
1486,0,272.0,291.0,4.0,-10.5,0
1487,1,240.0,300.0,5.0,-2.5,1
1488,1,210.0,271.0,5.0,1.0,1
1489,1,230.0,305.0,4.0,-3.0,1
1490,0,338.0,320.0,6.0,-4.5,0
1491,1,301.0,322.0,6.0,-3.5,0
1492,1,258.0,255.0,8.0,4.0,1
1493,1,326.0,357.0,5.0,2.0,1
1494,1,275.0,356.0,6.0,2.5,1
1495,1,402.0,253.0,11.0,14.5,1
1496,1,278.0,326.0,4.0,-6.5,1
1497,0,281.0,307.0,6.0,-2.5,0
1498,1,340.0,235.0,8.0,14.5,1
1499,0,299.0,326.0,6.0,-4.0,0
1500,1,344.0,260.0,8.0,7.5,1
1501,1,250.0,334.0,3.0,1.0,1
1502,0,188.0,315.0,4.0,-7.0,0
1503,1,323.0,397.0,5.0,2.5,1
1504,1,319.0,356.0,6.0,4.0,1
1505,1,318.0,362.0,6.0,3.5,1
1506,0,350.0,432.0,5.0,2.5,0
1507,1,278.0,361.0,5.0,2.5,1
1508,1,344.0,272.0,9.0,-2.5,1
1509,1,269.0,359.0,3.0,-3.5,1
1510,1,365.0,257.0,9.0,11.5,1
1511,1,302.0,363.0,5.0,8.5,1
1512,1,296.0,272.0,9.0,7.0,1
1513,0,302.0,312.0,7.0,-7.0,1
1514,1,311.0,353.0,6.0,3.0,1
1515,0,341.0,336.0,6.0,6.5,0
1516,1,445.0,269.0,12.0,6.0,0
1517,1,370.0,248.0,9.0,11.0,1
1518,0,292.0,360.0,4.0,-11.0,1
1519,1,308.0,259.0,10.0,3.5,1
1520,1,357.0,342.0,7.0,-2.5,1
1521,1,290.0,379.0,5.0,-10.0,1
1522,0,395.0,263.0,11.0,10.0,0
1523,1,266.0,404.0,3.0,-13.0,1
1524,1,309.0,307.0,8.0,5.0,1
1525,1,303.0,384.0,7.0,3.5,1
1526,1,382.0,270.0,10.0,6.5,1
1527,1,252.0,340.0,4.0,3.0,1
1528,1,390.0,407.0,6.0,4.0,1
1529,0,315.0,373.0,6.0,-2.5,0
1530,1,355.0,303.0,10.0,3.0,1
1531,0,322.0,325.0,8.0,6.0,0
1532,1,462.0,298.0,14.0,10.0,1
1533,1,328.0,276.0,11.0,10.0,1
1534,0,483.0,277.0,13.0,6.0,0
1535,1,219.0,371.0,4.0,-3.0,1
1536,1,0.0,0.0,0.0,-3.0,1
1537,1,0.0,0.0,0.0,2.5,1
1538,0,0.0,0.0,0.0,3.0,1
1539,1,0.0,0.0,0.0,5.5,1
1540,1,0.0,0.0,0.0,-3.5,0
1541,1,0.0,0.0,0.0,6.5,1
1542,1,0.0,0.0,0.0,2.5,1
1543,1,0.0,0.0,0.0,1.0,1
1544,1,0.0,0.0,0.0,3.5,1
1545,0,0.0,0.0,0.0,-2.5,0
1546,1,0.0,0.0,0.0,10.5,1
1547,0,0.0,0.0,0.0,1.0,1
1548,1,0.0,0.0,0.0,2.5,1
1549,1,0.0,0.0,0.0,9.0,1
1550,0,0.0,0.0,0.0,-2.5,0
1551,1,0.0,0.0,0.0,-2.5,0
1552,1,7.0,13.0,0.0,1.5,1
1553,1,20.0,21.0,0.0,12.0,1
1554,0,10.0,29.0,0.0,-4.0,0
1555,1,39.0,35.0,1.0,6.0,1
1556,1,23.0,14.0,1.0,-1.0,1
1557,1,23.0,21.0,1.0,5.5,1
1558,1,20.0,19.0,1.0,3.5,1
1559,1,38.0,16.0,1.0,3.0,1
1560,1,16.0,38.0,0.0,3.5,1
1561,0,21.0,23.0,0.0,7.5,0
1562,1,0.0,28.0,0.0,-5.5,1
1563,0,21.0,20.0,1.0,5.0,0
1564,1,35.0,34.0,1.0,4.0,1
1565,1,27.0,33.0,0.0,3.0,1
1566,0,25.0,16.0,1.0,-1.5,0
1567,1,14.0,23.0,0.0,3.0,1
1568,1,54.0,45.0,2.0,0.0,1
1569,1,38.0,50.0,0.0,-5.0,1
1570,0,66.0,48.0,1.0,6.0,0
1571,1,39.0,46.0,1.0,3.5,1
1572,1,41.0,40.0,1.0,8.5,1
1573,1,41.0,61.0,1.0,-1.0,1
1574,1,34.0,43.0,0.0,10.0,1
1575,1,36.0,32.0,2.0,3.5,1
1576,1,32.0,40.0,1.0,-1.5,1
1577,0,15.0,19.0,1.0,10.5,1
1578,1,38.0,64.0,1.0,3.5,1
1579,0,58.0,24.0,2.0,-3.5,0
1580,1,55.0,73.0,0.0,1.5,1
1581,1,45.0,46.0,1.0,3.0,1
1582,0,46.0,43.0,1.0,6.5,0
1583,1,47.0,51.0,0.0,2.5,1
1584,1,56.0,75.0,1.0,7.5,1
1585,1,58.0,80.0,1.0,1.0,1
1586,0,104.0,91.0,2.0,-2.5,0
1587,1,57.0,44.0,3.0,3.5,1
1588,1,45.0,83.0,0.0,-3.0,1
1589,1,42.0,53.0,2.0,4.0,1
1590,1,81.0,45.0,3.0,3.5,1
1591,1,62.0,78.0,1.0,-1.0,1
1592,1,68.0,92.0,1.0,7.5,1
1593,0,70.0,101.0,1.0,-3.5,0
1594,1,79.0,63.0,1.0,10.0,1
1595,0,87.0,73.0,1.0,4.0,0
1596,1,73.0,83.0,1.0,-1.0,1
1597,1,65.0,66.0,2.0,3.0,1
1598,0,64.0,40.0,3.0,3.5,1
1599,1,90.0,107.0,1.0,-3.5,1
1600,1,84.0,72.0,3.0,4.0,1
1601,0,74.0,115.0,0.0,-10.0,1
1602,1,95.0,102.0,1.0,-3.5,1
1603,1,108.0,125.0,1.0,4.0,1
1604,1,71.0,89.0,1.0,2.5,1
1605,1,88.0,50.0,4.0,6.0,1
1606,1,108.0,80.0,3.0,10.0,1
1607,1,111.0,64.0,4.0,3.5,1
1608,0,101.0,77.0,3.0,-2.5,0
1609,1,63.0,76.0,3.0,-2.5,1
1610,0,108.0,106.0,3.0,3.5,0
1611,1,75.0,67.0,2.0,7.0,1
1612,1,109.0,118.0,1.0,6.0,1
1613,1,152.0,142.0,1.0,-155.0,1
1614,1,117.0,87.0,3.0,361.0,0
1615,0,85.0,126.0,1.0,138.0,0
1616,1,119.0,125.0,2.0,166.0,1
1617,1,88.0,119.0,1.0,-314.0,1
1618,1,114.0,74.0,4.0,400.0,0
1619,1,114.0,130.0,1.0,-136.0,1
1620,1,89.0,108.0,2.0,150.0,1
1621,1,92.0,101.0,2.0,325.0,0
1622,0,115.0,122.0,3.0,-116.0,0
1623,1,142.0,137.0,4.0,-106.0,1
1624,0,98.0,83.0,3.0,202.0,0
1625,1,79.0,54.0,3.0,250.0,1
1626,1,82.0,104.0,3.0,160.0,1
1627,0,125.0,101.0,2.0,340.0,0
1628,1,114.0,113.0,3.0,7.5,1
1629,1,110.0,137.0,3.0,-3.0,1
1630,0,109.0,145.0,2.0,11.5,0
1631,1,150.0,153.0,3.0,-1.0,1
1632,1,105.0,123.0,3.0,1.5,1
1633,1,109.0,102.0,3.0,6.0,1
1634,1,118.0,134.0,2.0,-2.5,1
1635,1,95.0,164.0,1.0,2.0,1
1636,1,135.0,78.0,3.0,-2.5,1
1637,0,120.0,127.0,3.0,4.0,0
1638,1,199.0,166.0,4.0,4.5,1
1639,0,127.0,185.0,1.0,1.0,0
1640,1,154.0,123.0,4.0,-7.5,1
1641,1,153.0,104.0,3.0,2.5,1
1642,0,140.0,108.0,4.0,8.5,0
1643,1,146.0,161.0,3.0,3.0,1
1644,1,140.0,162.0,3.0,3.0,1
1645,0,229.0,199.0,4.0,3.0,0
1646,1,187.0,131.0,4.0,-5.5,1
1647,1,130.0,207.0,0.0,-2.5,1
1648,1,117.0,154.0,4.0,1.0,1
1649,1,194.0,200.0,3.0,-3.0,1
1650,1,176.0,195.0,2.0,-1.0,1
1651,1,128.0,159.0,3.0,1.0,1
1652,0,167.0,117.0,5.0,3.5,0
1653,1,161.0,176.0,1.0,2.5,1
1654,0,159.0,107.0,5.0,5.0,0
1655,1,111.0,169.0,1.0,-5.5,1
1656,1,152.0,189.0,3.0,-4.5,1
1657,1,215.0,203.0,6.0,1.0,1
1658,0,133.0,139.0,3.0,-3.5,1
1659,1,158.0,238.0,0.0,-7.0,1
1660,1,166.0,137.0,5.0,7.0,1
1661,1,146.0,159.0,3.0,3.5,1
1662,1,139.0,104.0,5.0,4.0,1
1663,1,133.0,141.0,4.0,3.0,0
1664,1,120.0,154.0,3.0,-3.0,1
1665,0,144.0,219.0,1.0,-5.0,1
1666,1,172.0,156.0,4.0,7.5,1
1667,0,225.0,212.0,3.0,3.5,0
1668,1,131.0,109.0,4.0,5.5,1
1669,1,154.0,153.0,4.0,7.5,1
1670,1,204.0,206.0,3.0,3.0,1
1671,0,157.0,211.0,3.0,3.0,0
1672,1,242.0,238.0,4.0,3.0,1
1673,1,173.0,235.0,3.0,-1.0,1
1674,1,202.0,145.0,4.0,2.0,1
1675,1,180.0,232.0,3.0,-2.5,1
1676,1,217.0,226.0,4.0,-3.0,1
1677,1,186.0,189.0,4.0,2.5,1
1678,0,268.0,247.0,4.0,4.0,0
1679,1,179.0,140.0,3.0,14.0,0
1680,0,184.0,171.0,4.0,3.0,0
1681,1,217.0,132.0,7.0,7.5,1
1682,1,161.0,164.0,5.0,-1.0,1
1683,1,221.0,226.0,3.0,3.5,1
1684,1,187.0,210.0,3.0,2.5,1
1685,0,175.0,301.0,0.0,-8.0,0
1686,1,258.0,170.0,8.0,7.0,1
1687,1,205.0,206.0,5.0,5.5,1
1688,1,239.0,256.0,4.0,3.0,1
1689,1,205.0,168.0,7.0,7.0,1
1690,1,175.0,152.0,5.0,2.0,1
1691,1,182.0,184.0,6.0,7.0,1
1692,0,139.0,173.0,4.0,1.0,0
1693,1,187.0,283.0,1.0,-10.5,0
1694,0,193.0,158.0,6.0,6.5,0
1695,1,212.0,209.0,5.0,2.5,0
1696,1,245.0,223.0,7.0,6.5,1
1697,1,231.0,225.0,6.0,2.0,1
1698,1,285.0,187.0,9.0,5.5,1
1699,0,263.0,273.0,5.0,-8.0,0
1700,1,320.0,283.0,6.0,3.5,1
1701,1,199.0,187.0,5.0,3.5,1
1702,1,253.0,215.0,5.0,8.5,1
1703,1,157.0,237.0,2.0,-6.5,1
1704,1,184.0,325.0,0.0,-6.5,1
1705,1,181.0,215.0,6.0,-2.5,1
1706,0,218.0,216.0,6.0,7.0,1
1707,1,285.0,286.0,4.0,7.5,1
1708,0,235.0,259.0,5.0,-5.0,0
1709,1,239.0,189.0,7.0,3.5,1
1710,1,272.0,243.0,8.0,3.5,1
1711,0,179.0,244.0,3.0,-9.0,0
1712,1,241.0,186.0,5.0,4.0,1
1713,1,218.0,192.0,6.0,-3.0,1
1714,1,358.0,302.0,7.0,5.0,1
1715,0,218.0,199.0,6.0,3.5,0
1716,1,178.0,264.0,2.0,0.0,1
1717,1,211.0,245.0,3.0,1.0,1
1718,1,274.0,289.0,5.0,7.0,1
1719,1,218.0,289.0,3.0,-3.5,1
1720,1,293.0,197.0,9.0,13.0,1
1721,1,334.0,307.0,5.0,6.5,1
1722,0,307.0,275.0,9.0,3.0,0
1723,1,245.0,228.0,4.0,2.5,1
1724,0,266.0,222.0,6.0,7.0,1
1725,1,313.0,291.0,5.0,3.5,1
1726,1,224.0,187.0,7.0,8.5,1
1727,0,196.0,266.0,3.0,1.0,0
1728,1,281.0,242.0,9.0,3.5,1
1729,1,305.0,274.0,6.0,-1.0,1
1730,0,283.0,321.0,4.0,1.0,0
1731,1,197.0,352.0,0.0,-4.0,1
1732,1,275.0,251.0,8.0,7.5,1
1733,1,311.0,311.0,6.0,6.5,1
1734,1,228.0,309.0,3.0,-3.0,1
1735,1,255.0,278.0,7.0,-2.0,1
1736,1,268.0,245.0,5.0,-1.5,1
1737,0,277.0,285.0,7.0,2.0,1
1738,1,308.0,296.0,6.0,2.0,1
1739,0,234.0,370.0,1.0,3.0,0
1740,1,295.0,302.0,6.0,-3.0,1
1741,1,180.0,262.0,4.0,-4.5,1
1742,0,245.0,237.0,8.0,-3.5,0
1743,1,319.0,207.0,10.0,6.0,1
1744,1,274.0,232.0,8.0,15.0,1
1745,1,229.0,324.0,4.0,-2.5,1
1746,0,279.0,235.0,7.0,5.0,0
1747,1,325.0,301.0,6.0,10.5,1
1748,1,221.0,290.0,3.0,-4.5,1
1749,1,340.0,238.0,11.0,7.0,1
1750,1,229.0,274.0,7.0,3.5,1
1751,1,302.0,255.0,10.0,6.0,1
1752,1,258.0,225.0,7.0,5.0,1
1753,0,255.0,244.0,9.0,4.0,1
1754,1,299.0,277.0,5.0,3.0,1
1755,0,428.0,345.0,8.0,13.5,0
1756,1,296.0,242.0,8.0,-3.0,1
1757,1,350.0,347.0,5.0,-2.5,1
1758,0,266.0,269.0,5.0,-3.0,0
1759,1,330.0,317.0,7.0,7.0,1
1760,1,316.0,299.0,5.0,2.0,1
1761,1,358.0,314.0,7.0,4.5,1
1762,0,337.0,352.0,6.0,-3.0,0
1763,1,248.0,320.0,3.0,-3.0,1
1764,1,220.0,408.0,0.0,-4.5,1
1765,1,363.0,339.0,8.0,6.0,1
1766,1,264.0,355.0,3.0,-4.0,1
1767,1,365.0,233.0,12.0,17.0,1
1768,1,406.0,392.0,6.0,3.0,1
1769,0,377.0,336.0,11.0,3.5,0
1770,1,197.0,328.0,4.0,6.0,1
1771,0,298.0,235.0,9.0,9.0,1
1772,1,250.0,294.0,8.0,3.0,1
1773,1,341.0,276.0,9.0,5.5,1
1774,0,319.0,274.0,10.0,3.5,0
1775,1,366.0,258.0,12.0,6.5,1
1776,1,502.0,374.0,10.0,7.5,1
1777,1,296.0,305.0,5.0,-2.5,1
1778,0,322.0,327.0,9.0,-3.5,0
1779,1,387.0,372.0,7.0,5.5,1
1780,1,349.0,345.0,10.0,-7.5,1
1781,1,289.0,297.0,7.0,6.0,1
1782,1,245.0,399.0,4.0,-3.5,1
1783,1,340.0,318.0,6.0,6.5,1
1784,1,372.0,303.0,10.0,3.5,1
1785,0,337.0,353.0,8.0,3.5,1
1786,1,357.0,361.0,8.0,3.0,1
1787,0,386.0,364.0,8.0,10.0,0
1788,1,309.0,291.0,8.0,1.0,1
1789,1,218.0,350.0,4.0,-7.0,1
1790,0,383.0,386.0,5.0,-5.5,1
1791,1,286.0,455.0,2.0,-11.5,1
1792,1,0.0,20.0,0.0,5.5,1
1793,1,20.0,0.0,1.0,7.5,1
1794,0,23.0,3.0,1.0,6.5,0
1795,1,9.0,46.0,0.0,-7.0,1
1796,1,29.0,7.0,1.0,-1.0,1
1797,1,42.0,27.0,1.0,4.0,1
1798,1,19.0,29.0,0.0,-5.5,1
1799,1,21.0,18.0,1.0,8.5,1
1800,1,0.0,0.0,0.0,7.0,1
1801,0,21.0,24.0,0.0,3.5,1
1802,1,26.0,16.0,1.0,14.0,1
1803,0,24.0,21.0,1.0,-2.5,0
1804,1,46.0,9.0,1.0,3.0,1
1805,1,9.0,17.0,0.0,13.5,1
1806,0,23.0,17.0,1.0,3.5,1
1807,1,3.0,19.0,0.0,3.0,1
1808,1,12.0,35.0,0.0,-3.0,1
1809,1,45.0,44.0,1.0,-3.0,1
1810,0,24.0,21.0,1.0,-3.5,0
1811,1,32.0,6.0,2.0,5.5,1
1812,1,24.0,52.0,0.0,-7.0,1
1813,1,59.0,33.0,2.0,-3.0,1
1814,1,22.0,62.0,0.0,1.0,1
1815,1,38.0,45.0,1.0,0.0,1
1816,1,63.0,62.0,1.0,13.5,1
1817,0,32.0,66.0,0.0,-5.5,0
1818,1,50.0,44.0,1.0,5.0,1
1819,0,53.0,42.0,1.0,2.0,0
1820,1,40.0,43.0,1.0,7.0,1
1821,1,38.0,43.0,0.0,-3.0,1
1822,0,44.0,50.0,1.0,-3.5,0
1823,1,39.0,48.0,1.0,-3.0,1
1824,1,67.0,67.0,2.0,7.5,1
1825,1,25.0,37.0,1.0,-4.0,1
1826,0,87.0,66.0,3.0,8.0,0
1827,1,51.0,54.0,2.0,-3.5,1
1828,1,56.0,76.0,0.0,-3.0,1
1829,1,64.0,62.0,2.0,5.0,1
1830,1,53.0,74.0,1.0,-2.5,1
1831,1,72.0,62.0,2.0,2.5,1
1832,1,99.0,95.0,2.0,9.0,1
1833,0,52.0,72.0,1.0,-4.0,0
1834,1,56.0,76.0,1.0,6.5,1
1835,0,48.0,67.0,0.0,1.5,1
1836,1,46.0,41.0,1.0,2.5,1
1837,1,82.0,64.0,2.0,3.5,1
1838,0,48.0,59.0,1.0,12.5,0
1839,1,93.0,57.0,3.0,6.5,1
1840,1,71.0,64.0,2.0,-3.5,0
1841,1,64.0,67.0,1.0,3.0,1
1842,0,63.0,107.0,0.0,-1.5,0
1843,1,99.0,70.0,3.0,2.0,1
1844,1,71.0,136.0,1.0,-1.0,1
1845,1,25.0,57.0,1.0,0.0,1
1846,1,60.0,95.0,0.0,3.0,1
1847,1,103.0,92.0,3.0,6.0,1
1848,1,90.0,59.0,3.0,7.5,1
1849,0,142.0,105.0,3.0,2.0,0
1850,1,91.0,79.0,2.0,3.0,1
1851,0,94.0,97.0,2.0,2.5,0
1852,1,110.0,88.0,2.0,-2.0,1
1853,1,61.0,104.0,1.0,-3.5,1
1854,1,105.0,94.0,4.0,3.0,1
1855,1,104.0,89.0,3.0,14.0,0
1856,0,90.0,97.0,3.0,5.5,1
1857,1,144.0,130.0,2.0,7.5,1
1858,1,99.0,93.0,3.0,-3.0,1
1859,1,93.0,78.0,2.0,6.0,1
1860,1,92.0,106.0,3.0,-9.0,1
1861,1,91.0,89.0,2.0,12.0,1
1862,1,81.0,125.0,2.0,-2.5,1
1863,0,139.0,83.0,3.0,1.0,0
1864,1,164.0,111.0,5.0,3.5,1
1865,0,108.0,109.0,2.0,3.0,0
1866,1,98.0,74.0,3.0,14.0,0
1867,1,110.0,142.0,2.0,7.0,1
1868,1,124.0,126.0,2.0,-3.0,1
1869,1,89.0,74.0,3.0,3.0,1
1870,0,105.0,148.0,2.0,-2.5,0
1871,1,94.0,157.0,0.0,-5.5,1
1872,1,147.0,135.0,4.0,-3.5,1
1873,1,119.0,195.0,2.0,-3.0,1
1874,1,179.0,138.0,4.0,3.0,1
1875,1,61.0,84.0,3.0,3.0,1
1876,1,122.0,103.0,4.0,5.0,1
1877,0,118.0,102.0,4.0,4.0,0
1878,1,113.0,146.0,0.0,-6.5,1
1879,0,116.0,131.0,2.0,-1.0,0
1880,1,105.0,132.0,1.0,-4.0,1
1881,1,172.0,159.0,4.0,3.0,1
1882,0,165.0,122.0,5.0,5.0,0
1883,1,130.0,148.0,3.0,3.0,1
1884,1,103.0,169.0,0.0,-11.0,1
1885,0,119.0,101.0,4.0,2.5,0
1886,1,98.0,112.0,2.0,11.0,1
1887,1,195.0,166.0,5.0,6.5,1
1888,1,171.0,133.0,4.0,7.5,1
1889,1,137.0,161.0,3.0,-6.5,1
1890,1,199.0,146.0,6.0,13.0,1
1891,1,145.0,151.0,2.0,1.5,1
1892,0,134.0,94.0,4.0,6.0,1
1893,1,141.0,147.0,3.0,-3.0,1
1894,0,161.0,149.0,3.0,-3.0,0
1895,1,207.0,161.0,5.0,7.0,1
1896,1,157.0,186.0,3.0,-3.0,1
1897,1,148.0,142.0,5.0,-3.0,1
1898,0,215.0,188.0,3.0,6.0,1
1899,1,183.0,110.0,4.0,6.0,1
1900,1,191.0,145.0,5.0,7.0,1
1901,1,112.0,156.0,1.0,-5.5,1
1902,1,232.0,156.0,7.0,7.0,1
1903,1,158.0,173.0,4.0,3.0,1
1904,1,133.0,219.0,0.0,-2.5,1
1905,0,175.0,132.0,5.0,8.0,0
1906,1,198.0,161.0,4.0,2.0,1
1907,0,92.0,152.0,4.0,-3.0,1
1908,1,164.0,161.0,4.0,-2.5,1
1909,1,139.0,201.0,4.0,-6.0,1
1910,1,174.0,149.0,5.0,-2.0,1
1911,0,134.0,171.0,3.0,4.5,0
1912,1,206.0,186.0,4.0,10.5,1
1913,1,162.0,260.0,3.0,-10.5,1
1914,1,206.0,117.0,5.0,5.0,1
1915,1,158.0,198.0,2.0,1.0,1
1916,1,181.0,193.0,5.0,4.5,1
1917,1,177.0,194.0,4.0,-1.0,1
1918,0,263.0,155.0,6.0,12.0,0
1919,1,170.0,172.0,4.0,3.5,1
1920,0,143.0,239.0,0.0,-3.0,0
1921,1,150.0,198.0,3.0,-7.0,1
1922,1,168.0,159.0,6.0,8.0,1
1923,1,187.0,148.0,7.0,7.0,1
1924,1,150.0,194.0,3.0,-3.0,1
1925,0,143.0,240.0,0.0,-7.5,0
1926,1,204.0,207.0,5.0,-2.5,1
1927,1,236.0,241.0,3.0,2.5,1
1928,1,217.0,165.0,7.0,1.0,1
1929,1,268.0,165.0,7.0,9.5,1
1930,1,150.0,238.0,1.0,-10.0,1
1931,1,167.0,172.0,3.0,7.0,1
1932,0,166.0,239.0,3.0,2.5,0
1933,1,196.0,214.0,4.0,-7.0,1
1934,0,233.0,205.0,5.0,-6.0,1
1935,1,211.0,165.0,6.0,1.0,1
1936,1,271.0,234.0,6.0,-2.5,1
1937,1,242.0,242.0,5.0,-1.0,1
1938,0,238.0,266.0,4.0,7.0,0
1939,1,231.0,210.0,6.0,10.5,1
1940,1,169.0,199.0,4.0,7.5,1
1941,1,179.0,280.0,3.0,-3.0,1
1942,1,262.0,220.0,6.0,8.5,1
1943,1,290.0,203.0,8.0,17.0,1
1944,1,201.0,222.0,4.0,-5.5,1
1945,0,320.0,188.0,9.0,14.0,0
1946,1,303.0,186.0,7.0,2.5,1
1947,0,174.0,260.0,1.0,-7.0,1
1948,1,176.0,254.0,4.0,-6.5,1
1949,1,204.0,247.0,4.0,3.5,1
1950,0,227.0,165.0,8.0,14.0,1
1951,1,213.0,171.0,5.0,7.5,1
1952,1,248.0,270.0,5.0,-1.5,1
1953,1,265.0,230.0,7.0,2.0,1
1954,0,236.0,187.0,6.0,2.5,0
1955,1,224.0,260.0,6.0,-7.5,1
1956,1,177.0,252.0,3.0,2.5,1
1957,1,232.0,261.0,5.0,3.0,1
1958,1,269.0,168.0,7.0,10.0,1
1959,1,154.0,259.0,4.0,-1.0,1
1960,1,322.0,222.0,8.0,5.5,1
1961,0,228.0,257.0,4.0,-3.5,1
1962,1,242.0,269.0,7.0,7.0,1
1963,0,249.0,202.0,5.0,13.5,0
1964,1,203.0,278.0,5.0,-7.5,1
1965,1,225.0,261.0,5.0,10.0,1
1966,0,266.0,212.0,7.0,-3.5,0
1967,1,199.0,215.0,5.0,-4.5,1
1968,1,274.0,244.0,7.0,2.5,0
1969,1,227.0,283.0,6.0,3.5,1
1970,0,269.0,238.0,8.0,-2.5,0
1971,1,219.0,238.0,5.0,6.0,1
1972,1,176.0,308.0,0.0,-2.5,1
1973,1,296.0,309.0,4.0,1.0,1
1974,1,299.0,178.0,8.0,3.0,1
1975,1,303.0,274.0,6.0,4.5,1
1976,1,213.0,268.0,3.0,0.0,1
1977,0,219.0,310.0,5.0,-2.5,1
1978,1,206.0,315.0,3.0,-1.0,1
1979,0,268.0,212.0,6.0,6.0,0
1980,1,361.0,222.0,9.0,-1.0,1
1981,1,189.0,291.0,2.0,-4.0,1
1982,0,281.0,213.0,10.0,6.0,1
1983,1,189.0,268.0,5.0,-10.0,1
1984,1,212.0,343.0,3.0,-3.0,1
1985,1,338.0,329.0,7.0,5.0,1
1986,0,329.0,289.0,7.0,1.0,1
1987,1,240.0,290.0,7.0,3.5,1
1988,1,300.0,262.0,9.0,3.0,1
1989,1,197.0,335.0,0.0,-6.5,1
1990,1,329.0,202.0,9.0,10.5,1
1991,1,309.0,235.0,10.0,12.5,1
1992,1,370.0,263.0,9.0,16.5,1
1993,0,199.0,321.0,2.0,-7.5,0
1994,1,285.0,344.0,5.0,4.0,1
1995,0,314.0,252.0,8.0,-1.0,0
1996,1,320.0,251.0,11.0,-2.5,0
1997,1,228.0,314.0,3.0,2.5,1
1998,0,264.0,304.0,6.0,-3.0,1
1999,1,234.0,292.0,3.0,-7.0,1
2000,1,345.0,256.0,8.0,13.5,1
2001,1,309.0,333.0,7.0,-8.5,1
2002,0,331.0,286.0,10.0,10.0,0
2003,1,234.0,294.0,4.0,5.5,1
2004,1,233.0,305.0,5.0,-3.0,1
2005,1,359.0,302.0,8.0,11.0,1
2006,1,395.0,274.0,11.0,11.0,1
2007,1,401.0,282.0,10.0,5.5,1
2008,1,285.0,342.0,5.0,-7.5,1
2009,0,296.0,319.0,8.0,-5.5,0
2010,1,305.0,359.0,6.0,3.0,1
2011,0,253.0,337.0,4.0,-4.0,0
2012,1,246.0,337.0,6.0,3.0,1
2013,1,336.0,311.0,8.0,4.5,1
2014,0,319.0,380.0,4.0,-8.0,0
2015,1,438.0,279.0,12.0,10.0,0
2016,1,331.0,305.0,9.0,5.0,1
2017,1,368.0,272.0,9.0,8.0,1
2018,0,375.0,365.0,8.0,7.5,0
2019,1,241.0,391.0,3.0,5.5,1
2020,1,245.0,341.0,6.0,-2.5,1
2021,1,359.0,242.0,12.0,13.5,1
2022,1,432.0,290.0,12.0,17.0,1
2023,1,228.0,378.0,2.0,-5.0,1
2024,1,457.0,289.0,13.0,-3.5,1
2025,0,378.0,284.0,12.0,5.0,0
2026,1,274.0,338.0,3.0,-6.0,1
2027,0,319.0,346.0,8.0,2.5,1
2028,1,265.0,355.0,5.0,3.0,1
2029,1,325.0,262.0,8.0,7.0,1
2030,0,465.0,295.0,11.0,-6.5,0
2031,1,342.0,306.0,9.0,8.0,1
2032,1,0.0,0.0,0.0,1.0,1
2033,1,0.0,0.0,0.0,7.5,1
2034,0,0.0,0.0,0.0,-3.5,0
2035,1,0.0,0.0,0.0,-1.0,1
2036,1,0.0,0.0,0.0,-1.0,1
2037,1,0.0,0.0,0.0,6.0,1
2038,1,0.0,0.0,0.0,6.0,1
2039,1,0.0,0.0,0.0,10.0,1
2040,1,0.0,0.0,0.0,-2.5,0
2041,0,0.0,0.0,0.0,3.5,1
2042,1,0.0,0.0,0.0,2.0,1
2043,0,0.0,0.0,0.0,2.5,1
2044,1,0.0,0.0,0.0,3.0,1
2045,1,0.0,0.0,0.0,6.5,1
2046,0,0.0,0.0,0.0,7.0,1
2047,1,0.0,0.0,0.0,-6.0,1
2048,1,34.0,23.0,1.0,1.0,1
2049,1,12.0,18.0,0.0,5.5,1
2050,0,3.0,47.0,0.0,-7.5,0
2051,1,24.0,23.0,1.0,-2.0,1
2052,1,40.0,48.0,0.0,10.0,1
2053,1,48.0,17.0,1.0,3.0,1
2054,1,21.0,21.0,0.0,4.5,1
2055,1,48.0,40.0,1.0,-3.0,1
2056,1,20.0,27.0,0.0,-3.5,1
2057,0,24.0,6.0,1.0,6.0,1
2058,1,33.0,13.0,1.0,13.5,1
2059,0,16.0,24.0,0.0,6.0,0
2060,1,27.0,24.0,1.0,5.5,1
2061,1,20.0,15.0,1.0,-2.0,1
2062,0,8.0,16.0,0.0,3.0,1
2063,1,23.0,24.0,0.0,5.0,1
2064,1,39.0,42.0,0.0,3.0,1
2065,1,43.0,42.0,1.0,1.5,1
2066,0,70.0,37.0,1.0,5.5,0
2067,1,40.0,39.0,1.0,2.5,0
2068,1,37.0,47.0,0.0,6.5,1
2069,1,51.0,35.0,2.0,10.0,1
2070,1,80.0,65.0,2.0,6.0,1
2071,1,47.0,32.0,2.0,3.0,1
2072,1,53.0,45.0,1.0,16.5,1
2073,0,39.0,39.0,1.0,6.5,0
2074,1,33.0,27.0,1.0,-2.5,1
2075,0,67.0,13.0,2.0,7.5,0
2076,1,6.0,58.0,0.0,-6.0,1
2077,1,41.0,51.0,0.0,1.0,1
2078,0,44.0,78.0,0.0,-7.0,0
2079,1,75.0,61.0,2.0,1.0,1
2080,1,102.0,36.0,3.0,7.5,1
2081,1,80.0,85.0,1.0,3.5,1
2082,0,63.0,55.0,2.0,3.0,0
2083,1,41.0,53.0,1.0,2.5,1
2084,1,70.0,83.0,1.0,8.5,1
2085,1,60.0,63.0,1.0,-1.0,1
2086,1,57.0,44.0,2.0,7.5,1
2087,1,57.0,77.0,1.0,6.5,1
2088,1,49.0,50.0,2.0,-3.0,1
2089,0,20.0,74.0,0.0,-3.5,0
2090,1,52.0,81.0,0.0,2.5,1
2091,0,82.0,93.0,1.0,10.0,0
2092,1,55.0,62.0,1.0,-3.5,1
2093,1,88.0,90.0,1.0,3.0,1
2094,0,61.0,70.0,2.0,-3.5,0
2095,1,95.0,84.0,2.0,10.5,1
2096,1,50.0,106.0,1.0,-6.0,1
2097,0,71.0,60.0,2.0,7.0,0
2098,1,126.0,113.0,3.0,6.0,1
2099,1,102.0,104.0,1.0,-3.0,1
2100,1,94.0,114.0,1.0,1.0,1
2101,1,145.0,115.0,4.0,3.0,1
2102,1,89.0,89.0,1.0,-1.0,1
2103,1,102.0,116.0,1.0,3.5,1
2104,0,111.0,120.0,2.0,5.5,0
2105,1,82.0,81.0,2.0,3.5,1
2106,0,100.0,118.0,1.0,3.0,0
2107,1,85.0,81.0,2.0,-7.5,1
2108,1,96.0,108.0,1.0,3.5,1
2109,0,137.0,121.0,3.0,5.5,0
2110,1,104.0,128.0,1.0,-1.5,1
2111,1,133.0,163.0,1.0,3.0,1
2112,0,153.0,130.0,4.0,1.0,0
2113,1,114.0,113.0,2.0,1.0,1
2114,1,115.0,124.0,2.0,10.5,1
2115,1,99.0,117.0,3.0,-7.5,1
2116,1,113.0,131.0,2.0,10.0,1
2117,1,123.0,105.0,2.0,2.5,1
2118,1,107.0,149.0,1.0,-3.0,1
2119,0,83.0,87.0,2.0,-1.0,0
2120,1,100.0,131.0,2.0,-7.0,1
2121,0,83.0,96.0,2.0,-3.0,0
2122,1,87.0,86.0,3.0,-2.5,1
2123,1,133.0,108.0,3.0,4.0,1
2124,0,115.0,114.0,2.0,9.0,1
2125,1,82.0,139.0,1.0,-1.0,1
2126,1,175.0,144.0,4.0,6.5,1
2127,0,153.0,77.0,4.0,2.5,0
2128,1,139.0,96.0,3.0,-1.0,1
2129,1,152.0,180.0,1.0,7.0,1
2130,1,109.0,126.0,3.0,4.0,1
2131,1,215.0,172.0,5.0,6.5,1
2132,1,130.0,145.0,4.0,-3.0,1
2133,1,165.0,139.0,3.0,-3.5,1
2134,0,137.0,117.0,3.0,5.0,0
2135,1,141.0,173.0,2.0,3.5,1
2136,0,106.0,104.0,3.0,-1.5,0
2137,1,148.0,179.0,1.0,-8.0,1
2138,1,167.0,192.0,2.0,4.5,1
2139,1,155.0,144.0,4.0,7.5,1
2140,1,116.0,146.0,3.0,-4.0,1
2141,0,142.0,131.0,4.0,-2.5,0
2142,1,170.0,134.0,3.0,8.5,1
2143,1,184.0,203.0,4.0,3.5,1
2144,1,157.0,158.0,3.0,3.0,1
2145,1,260.0,182.0,6.0,8.5,1
2146,1,137.0,185.0,1.0,-1.0,1
2147,1,171.0,154.0,3.0,8.5,1
2148,0,110.0,176.0,1.0,-3.5,1
2149,1,92.0,184.0,1.0,-2.5,1
2150,0,235.0,128.0,7.0,7.5,0
2151,1,177.0,165.0,4.0,-2.5,1
2152,1,81.0,175.0,2.0,-13.5,1
2153,1,173.0,236.0,1.0,-1.5,1
2154,1,197.0,137.0,4.0,1.5,1
2155,0,87.0,200.0,2.0,-10.5,1
2156,1,178.0,152.0,5.0,6.0,1
2157,1,169.0,210.0,2.0,-7.5,1
2158,1,174.0,219.0,4.0,3.0,1
2159,1,197.0,195.0,4.0,4.5,1
2160,1,146.0,134.0,5.0,1.5,1
2161,1,188.0,194.0,3.0,1.0,1
2162,0,171.0,131.0,4.0,1.0,0
2163,1,234.0,183.0,6.0,-2.5,1
2164,0,239.0,185.0,6.0,5.0,0
2165,1,140.0,123.0,3.0,4.5,1
2166,1,227.0,188.0,5.0,3.5,1
2167,1,235.0,153.0,5.0,7.5,1
2168,0,221.0,237.0,5.0,-5.5,0
2169,1,190.0,247.0,2.0,-5.5,1
2170,1,192.0,204.0,3.0,13.0,1
2171,1,231.0,213.0,3.0,3.0,1
2172,1,327.0,226.0,8.0,16.5,1
2173,1,198.0,213.0,3.0,6.5,1
2174,1,229.0,275.0,3.0,3.5,1
2175,0,134.0,141.0,4.0,-6.0,0
2176,1,141.0,252.0,1.0,-10.5,1
2177,0,299.0,200.0,8.0,10.0,0
2178,1,178.0,156.0,4.0,7.5,1
2179,1,207.0,239.0,2.0,3.0,1
2180,1,219.0,192.0,4.0,3.0,0
2181,1,244.0,254.0,4.0,3.5,1
2182,0,213.0,160.0,4.0,6.5,0
2183,1,269.0,175.0,6.0,2.5,1
2184,1,202.0,244.0,3.0,-4.0,1
2185,1,260.0,239.0,4.0,2.0,1
2186,1,177.0,228.0,2.0,3.0,1
2187,1,176.0,175.0,6.0,-3.0,1
2188,1,124.0,225.0,2.0,4.5,1
2189,0,240.0,186.0,7.0,7.5,0
2190,1,330.0,232.0,8.0,7.0,1
2191,0,160.0,199.0,3.0,-4.0,0
2192,1,335.0,231.0,9.0,3.0,1
2193,1,222.0,263.0,4.0,-3.0,1
2194,1,203.0,190.0,5.0,7.0,1
2195,0,378.0,239.0,9.0,11.5,0
2196,1,237.0,181.0,5.0,13.0,1
2197,1,137.0,251.0,3.0,-3.0,1
2198,1,260.0,252.0,6.0,3.0,1
2199,1,256.0,312.0,5.0,-1.0,1
2200,1,298.0,249.0,5.0,9.0,1
2201,1,208.0,254.0,3.0,-13.0,1
2202,0,205.0,231.0,4.0,4.5,1
2203,1,267.0,329.0,3.0,1.5,1
2204,0,262.0,209.0,7.0,14.0,1
2205,1,228.0,235.0,4.0,-3.0,1
2206,1,241.0,229.0,5.0,4.0,1
2207,0,239.0,205.0,7.0,3.5,0
2208,1,234.0,213.0,6.0,-7.0,1
2209,1,280.0,307.0,4.0,2.5,1
2210,0,276.0,347.0,5.0,-3.5,0
2211,1,238.0,286.0,4.0,-10.5,0
2212,1,264.0,267.0,4.0,14.5,1
2213,1,273.0,222.0,8.0,5.0,1
2214,1,197.0,243.0,3.0,-4.0,1
2215,1,223.0,283.0,5.0,3.5,1
2216,1,237.0,288.0,3.0,-3.5,1
2217,0,316.0,249.0,7.0,3.5,0
2218,1,294.0,338.0,4.0,-3.5,1
2219,0,187.0,327.0,2.0,-14.0,0
2220,1,195.0,223.0,5.0,10.5,1
2221,1,307.0,249.0,8.0,6.0,1
2222,0,276.0,243.0,6.0,10.0,0
2223,1,230.0,253.0,5.0,5.5,1
2224,1,221.0,245.0,6.0,5.5,1
2225,1,178.0,293.0,4.0,4.5,1
2226,0,344.0,241.0,8.0,-3.0,0
2227,1,266.0,312.0,4.0,-1.0,1
2228,1,281.0,287.0,4.0,4.0,1
2229,1,302.0,235.0,9.0,4.0,1
2230,1,444.0,327.0,10.0,6.5,1
2231,1,244.0,300.0,6.0,-8.5,1
2232,1,318.0,355.0,5.0,-8.5,1
2233,0,233.0,257.0,6.0,-3.0,0
2234,1,340.0,249.0,9.0,17.0,1
2235,0,255.0,336.0,2.0,-3.0,0
2236,1,175.0,310.0,3.0,-2.5,1
2237,1,247.0,223.0,7.0,3.5,1
2238,0,220.0,367.0,2.0,-10.5,0
2239,1,319.0,259.0,7.0,3.0,1
2240,1,471.0,351.0,11.0,3.5,1
2241,1,270.0,330.0,4.0,-7.0,1
2242,0,290.0,282.0,6.0,1.0,0
2243,1,316.0,367.0,4.0,10.0,1
2244,1,321.0,241.0,7.0,8.5,1
2245,1,201.0,320.0,4.0,2.5,1
2246,1,359.0,247.0,9.0,6.0,1
2247,1,307.0,397.0,5.0,3.0,1
2248,1,349.0,300.0,7.0,3.0,1
2249,0,212.0,273.0,4.0,7.5,1
2250,1,282.0,291.0,6.0,7.5,1
2251,0,307.0,331.0,5.0,-2.5,0
2252,1,275.0,350.0,3.0,-3.5,1
2253,1,367.0,306.0,7.0,-2.5,1
2254,0,425.0,313.0,11.0,13.5,0
2255,1,324.0,332.0,6.0,-6.0,1
2256,1,341.0,253.0,8.0,7.0,1
2257,1,227.0,357.0,5.0,5.5,1
2258,0,376.0,369.0,6.0,7.5,0
2259,1,382.0,313.0,10.0,7.0,1
2260,1,530.0,418.0,11.0,14.5,1
2261,1,350.0,317.0,8.0,6.0,1
2262,1,398.0,322.0,10.0,14.0,1
2263,1,490.0,320.0,13.0,8.0,1
2264,1,334.0,376.0,5.0,7.5,1
2265,0,412.0,347.0,8.0,14.0,0
2266,1,364.0,430.0,5.0,-2.5,1
2267,0,268.0,254.0,8.0,-5.0,0
2268,1,265.0,310.0,7.0,-6.0,1
2269,1,320.0,326.0,6.0,-7.0,1
2270,0,479.0,352.0,12.0,10.5,1
2271,1,401.0,323.0,9.0,15.5,1
2272,1,0.0,0.0,0.0,3.5,1
2273,1,0.0,0.0,0.0,-1.5,1
2274,0,0.0,0.0,0.0,5.5,1
2275,1,0.0,0.0,0.0,-3.5,0
2276,1,0.0,0.0,0.0,-7.0,0
2277,1,0.0,0.0,0.0,3.5,1
2278,1,0.0,0.0,0.0,2.5,1
2279,1,0.0,0.0,0.0,10.5,1
2280,1,0.0,0.0,0.0,6.0,1
2281,0,0.0,0.0,0.0,9.5,0
2282,1,0.0,0.0,0.0,-2.5,0
2283,0,0.0,0.0,0.0,7.0,1
2284,1,0.0,0.0,0.0,1.0,1
2285,1,0.0,0.0,0.0,5.5,1
2286,0,0.0,0.0,0.0,6.5,1
2287,1,0.0,0.0,0.0,-3.0,1
2288,1,27.0,30.0,0.0,6.5,1
2289,1,59.0,10.0,1.0,13.0,1
2290,0,20.0,21.0,0.0,1.0,1
2291,1,27.0,27.0,0.0,-1.0,1
2292,1,10.0,3.0,1.0,3.0,1
2293,1,28.0,30.0,0.0,7.5,1
2294,1,10.0,59.0,0.0,-18.0,1
2295,1,17.0,35.0,0.0,-1.0,1
2296,1,3.0,33.0,0.0,4.0,1
2297,0,43.0,13.0,1.0,3.0,0
2298,1,27.0,32.0,0.0,-6.0,1
2299,0,24.0,16.0,1.0,-7.0,0
2300,1,16.0,24.0,0.0,-3.0,1
2301,1,30.0,27.0,1.0,2.0,1
2302,0,12.0,28.0,0.0,-1.0,1
2303,1,16.0,17.0,0.0,-6.5,1
2304,1,38.0,53.0,0.0,-1.5,1
2305,1,45.0,30.0,2.0,5.5,1
2306,0,66.0,38.0,2.0,22.0,0
2307,1,31.0,19.0,2.0,7.0,0
2308,1,43.0,47.0,1.0,1.0,1
2309,1,68.0,36.0,2.0,4.5,1
2310,1,44.0,33.0,1.0,8.5,1
2311,1,76.0,3.0,2.0,20.5,1
2312,1,52.0,51.0,1.0,4.0,1
2313,0,44.0,50.0,0.0,2.5,0
2314,1,37.0,45.0,1.0,5.0,1
2315,0,40.0,37.0,1.0,3.0,0
2316,1,49.0,46.0,2.0,5.0,1
2317,1,72.0,34.0,2.0,6.0,1
2318,0,36.0,46.0,1.0,-4.0,0
2319,1,48.0,63.0,0.0,-5.0,1
2320,1,58.0,35.0,3.0,3.5,1
2321,1,60.0,75.0,1.0,3.5,1
2322,0,110.0,60.0,2.0,7.5,0
2323,1,66.0,47.0,3.0,-7.0,1
2324,1,67.0,61.0,2.0,-7.5,1
2325,1,68.0,62.0,2.0,5.5,1
2326,1,70.0,71.0,2.0,5.5,1
2327,1,16.0,133.0,0.0,-15.0,1
2328,1,63.0,94.0,1.0,3.0,1
2329,0,64.0,88.0,0.0,-5.5,0
2330,1,77.0,49.0,3.0,9.0,1
2331,0,50.0,39.0,2.0,-1.0,0
2332,1,46.0,67.0,0.0,2.5,1
2333,1,72.0,82.0,2.0,-2.5,1
2334,0,49.0,85.0,0.0,3.5,0
2335,1,103.0,89.0,3.0,1.5,1
2336,1,95.0,80.0,2.0,3.0,1
2337,0,57.0,110.0,0.0,3.0,0
2338,1,78.0,78.0,2.0,4.0,1
2339,1,84.0,92.0,3.0,3.0,1
2340,1,87.0,97.0,2.0,-5.5,0
2341,1,79.0,102.0,2.0,-6.5,1
2342,1,110.0,105.0,2.0,14.0,1
2343,1,76.0,88.0,1.0,-3.5,1
2344,0,91.0,62.0,2.0,3.5,0
2345,1,66.0,118.0,0.0,-15.5,1
2346,0,90.0,74.0,2.0,4.0,0
2347,1,107.0,56.0,3.0,3.5,1
2348,1,135.0,94.0,4.0,10.5,1
2349,0,96.0,54.0,3.0,5.0,0
2350,1,155.0,34.0,5.0,16.5,1
2351,1,147.0,148.0,2.0,-2.0,1
2352,0,161.0,123.0,3.0,10.5,0
2353,1,92.0,122.0,2.0,1.0,1
2354,1,111.0,118.0,2.0,2.5,1
2355,1,148.0,113.0,4.0,3.5,1
2356,1,26.0,163.0,0.0,-6.0,1
2357,1,112.0,73.0,3.0,3.5,1
2358,1,100.0,138.0,1.0,-3.0,1
2359,0,146.0,134.0,3.0,3.0,0
2360,1,90.0,106.0,1.0,1.0,1
2361,0,39.0,101.0,0.0,-7.0,0
2362,1,103.0,94.0,2.0,6.0,1
2363,1,119.0,93.0,4.0,3.5,1
2364,1,106.0,106.0,2.0,-3.0,1
2365,1,135.0,186.0,1.0,-3.0,1
2366,0,90.0,70.0,4.0,17.0,0
2367,1,97.0,159.0,0.0,-4.0,1
2368,1,119.0,118.0,2.0,-2.5,1
2369,1,142.0,115.0,5.0,5.5,1
2370,1,113.0,115.0,3.0,1.5,1
2371,1,111.0,160.0,2.0,3.5,1
2372,1,90.0,167.0,1.0,-10.0,1
2373,0,98.0,92.0,2.0,3.0,1
2374,1,87.0,69.0,3.0,4.0,1
2375,0,165.0,146.0,5.0,3.0,0
2376,1,153.0,114.0,3.0,3.0,1
2377,1,63.0,123.0,1.0,-9.5,1
2378,1,192.0,123.0,5.0,16.5,1
2379,1,145.0,223.0,1.0,-7.5,1
2380,0,121.0,91.0,5.0,1.0,1
2381,1,112.0,105.0,3.0,3.5,1
2382,1,149.0,160.0,2.0,6.5,1
2383,1,185.0,164.0,4.0,5.0,1
2384,1,144.0,148.0,3.0,7.0,1
2385,1,190.0,164.0,4.0,12.0,1
2386,1,164.0,147.0,6.0,12.5,1
2387,0,121.0,112.0,3.0,2.0,0
2388,1,156.0,64.0,6.0,4.5,1
2389,0,143.0,138.0,4.0,6.0,0
2390,1,223.0,48.0,7.0,9.5,1
2391,1,202.0,150.0,5.0,-5.0,1
2392,0,123.0,131.0,2.0,14.0,0
2393,1,170.0,223.0,3.0,-10.5,1
2394,1,173.0,163.0,4.0,1.0,1
2395,0,134.0,122.0,5.0,10.5,0
2396,1,179.0,184.0,4.0,3.5,1
2397,1,226.0,181.0,5.0,-5.5,1
2398,1,77.0,238.0,0.0,-3.5,1
2399,1,202.0,199.0,4.0,5.0,1
2400,1,150.0,145.0,3.0,1.0,1
2401,1,151.0,192.0,3.0,2.5,1
2402,0,208.0,196.0,6.0,4.0,0
2403,1,125.0,151.0,2.0,-4.0,1
2404,0,157.0,157.0,3.0,-4.0,1
2405,1,214.0,156.0,5.0,-3.0,1
2406,1,158.0,218.0,2.0,-6.5,1
2407,1,182.0,216.0,4.0,-1.0,1
2408,1,142.0,144.0,3.0,6.0,1
2409,0,124.0,210.0,0.0,-10.5,0
2410,1,152.0,205.0,2.0,3.0,1
2411,1,226.0,189.0,7.0,5.0,1
2412,1,195.0,156.0,7.0,14.0,1
2413,1,96.0,211.0,1.0,-3.0,1
2414,1,230.0,252.0,2.0,5.5,1
2415,1,168.0,165.0,4.0,-5.0,1
2416,0,182.0,177.0,5.0,11.0,0
2417,1,176.0,169.0,4.0,-4.0,1
2418,0,227.0,142.0,5.0,3.5,0
2419,1,235.0,102.0,8.0,6.5,1
2420,1,171.0,221.0,3.0,3.0,1
2421,1,300.0,189.0,7.0,4.0,1
2422,0,225.0,228.0,5.0,3.5,1
2423,1,217.0,237.0,3.0,-7.5,1
2424,1,194.0,193.0,5.0,2.5,1
2425,1,119.0,268.0,2.0,-7.0,1
2426,1,262.0,182.0,7.0,10.0,1
2427,1,260.0,279.0,3.0,-5.0,1
2428,1,108.0,219.0,1.0,1.0,1
2429,0,259.0,129.0,8.0,10.0,1
2430,1,208.0,240.0,5.0,13.0,1
2431,0,224.0,213.0,5.0,-4.5,0
2432,1,226.0,191.0,5.0,5.0,1
2433,1,207.0,194.0,4.0,-5.5,1
2434,1,245.0,232.0,6.0,3.5,1
2435,1,220.0,262.0,3.0,3.5,1
2436,0,211.0,170.0,7.0,3.5,1
2437,1,169.0,174.0,4.0,6.0,1
2438,1,147.0,276.0,0.0,-5.5,1
2439,1,192.0,228.0,4.0,11.0,1
2440,1,238.0,199.0,8.0,10.0,1
2441,1,164.0,255.0,3.0,-3.5,1
2442,1,125.0,253.0,1.0,-4.0,1
2443,0,203.0,197.0,5.0,4.5,0
2444,1,287.0,108.0,9.0,5.5,1
2445,0,295.0,155.0,9.0,3.0,0
2446,1,234.0,230.0,5.0,-1.0,1
2447,1,243.0,198.0,6.0,-3.5,1
2448,1,260.0,291.0,3.0,-5.5,1
2449,1,295.0,210.0,6.0,-7.5,1
2450,0,242.0,297.0,3.0,6.5,0
2451,1,386.0,202.0,9.0,5.5,1
2452,1,259.0,291.0,5.0,10.5,1
2453,1,157.0,292.0,0.0,-2.5,1
2454,1,244.0,226.0,6.0,-1.0,1
2455,1,209.0,264.0,4.0,-3.0,1
2456,1,308.0,256.0,7.0,11.5,1
2457,0,163.0,346.0,2.0,-10.5,1
2458,1,217.0,308.0,2.0,-6.5,1
2459,0,248.0,317.0,3.0,-2.5,0
2460,1,175.0,217.0,3.0,-4.5,1
2461,1,216.0,212.0,6.0,-1.0,1
2462,0,265.0,249.0,7.0,-3.5,0
2463,1,292.0,263.0,9.0,2.5,1
2464,1,212.0,208.0,6.0,-3.0,1
2465,1,260.0,323.0,3.0,3.5,1
2466,0,257.0,188.0,9.0,-6.5,0
2467,1,246.0,272.0,5.0,6.5,1
2468,1,289.0,255.0,9.0,13.0,1
2469,1,293.0,271.0,8.0,8.0,1
2470,1,319.0,242.0,8.0,12.0,1
2471,1,298.0,248.0,10.0,1.0,1
2472,1,204.0,280.0,4.0,5.0,1
2473,0,340.0,346.0,5.0,3.0,0
2474,1,220.0,292.0,4.0,-3.5,1
2475,0,255.0,351.0,3.0,-2.5,0
2476,1,322.0,145.0,10.0,3.0,1
2477,1,237.0,324.0,6.0,-3.0,1
2478,0,283.0,250.0,7.0,1.0,0
2479,1,274.0,284.0,5.0,9.5,1
2480,1,430.0,236.0,11.0,17.0,1
2481,1,300.0,360.0,5.0,-6.0,1
2482,0,198.0,325.0,1.0,-10.5,0
2483,1,287.0,335.0,3.0,-5.5,1
2484,1,309.0,270.0,10.0,4.0,1
2485,1,371.0,281.0,9.0,10.0,1
2486,1,247.0,362.0,2.0,3.5,1
2487,1,259.0,242.0,8.0,1.0,1
2488,1,318.0,255.0,8.0,3.0,1
2489,0,188.0,310.0,3.0,-7.0,0
2490,1,272.0,374.0,3.0,-3.0,1
2491,0,258.0,366.0,6.0,7.0,0
2492,1,334.0,267.0,6.0,-1.0,1
2493,1,397.0,229.0,11.0,10.5,1
2494,0,289.0,251.0,5.0,-1.0,1
2495,1,344.0,296.0,10.0,8.0,1
2496,1,503.0,272.0,13.0,-2.0,0
2497,1,291.0,222.0,10.0,-1.5,1
2498,0,330.0,428.0,5.0,-13.5,1
2499,1,246.0,397.0,1.0,-2.5,1
2500,1,387.0,305.0,7.0,13.0,1
2501,1,321.0,400.0,3.0,-13.5,1
2502,1,341.0,330.0,9.0,-10.0,1
2503,1,262.0,377.0,5.0,-5.0,1
2504,1,420.0,287.0,11.0,10.0,1
2505,0,388.0,282.0,10.0,-5.5,0
2506,1,372.0,181.0,11.0,17.5,1
2507,0,324.0,417.0,4.0,-4.0,1
2508,1,416.0,398.0,7.0,1.0,1
2509,1,266.0,301.0,6.0,5.5,1
2510,0,332.0,306.0,8.0,7.0,0
2511,1,384.0,372.0,11.0,-3.5,1
